<?xml version='1.0' encoding='UTF-8'?><projects><project id ='3' name= 'Project 3' startdate = '2006,6,11'><task id ='3_1'><name>Task 3_1</name><est>2006,6,11</est><duration>293</duration><percentcompleted>40</percentcompleted><predecessortasks></predecessortasks><childtasks><task id='3_2'><name>Task 3_2</name><est>2006,6,12</est><duration>50</duration><percentcompleted>40</percentcompleted><predecessortasks></predecessortasks><childtasks></childtasks></task><task id='3_3'><name>Task 3_3</name><est>2006,6,19</est><duration>149</duration><percentcompleted>40</percentcompleted><predecessortasks>3_2</predecessortasks><childtasks></childtasks></task><task id='3_4'><name>Task 3_4</name><est>2006,6,19</est><duration>50</duration><percentcompleted>40</percentcompleted><predecessortasks>3_2</predecessortasks><childtasks></childtasks></task><task id='3_6'><name>Task 3_6</name><est>2006,6,20</est><duration>185</duration><percentcompleted>40</percentcompleted><predecessortasks></predecessortasks><childtasks></childtasks></task><task id='3_5'><name>Task 3_5</name><est>2006,6,21</est><duration>90</duration><percentcompleted>40</percentcompleted><predecessortasks>3_2</predecessortasks><childtasks></childtasks></task><task id='3_7'><name>Task 3_7</name><est>2006,6,23</est><duration>84</duration><percentcompleted>40</percentcompleted><predecessortasks>3_2</predecessortasks><childtasks><task id='3_8'><name>Task 3_8</name><est>2006,6,24</est><duration>70</duration><percentcompleted>40</percentcompleted><predecessortasks></predecessortasks><childtasks></childtasks></task><task id='3_9'><name>Task 3_9</name><est>2006,6,25</est><duration>54</duration><percentcompleted>40</percentcompleted><predecessortasks></predecessortasks><childtasks></childtasks></task><task id='3_10'><name>Task 3_10</name><est>2006,6,26</est><duration>50</duration><percentcompleted>40</percentcompleted><predecessortasks></predecessortasks><childtasks></childtasks></task></childtasks></task><task id='3_11'><name>Task 3_11</name><est>2006,7,9</est><duration>69</duration><percentcompleted>40</percentcompleted><predecessortasks>3_7</predecessortasks><childtasks><task id='3_12'><name>Task 3_12</name><est>2006,7,9</est><duration>49</duration><percentcompleted>40</percentcompleted><predecessortasks></predecessortasks><childtasks></childtasks></task><task id='3_14'><name>Task 3_14</name><est>2006,7,9</est><duration>39</duration><percentcompleted>40</percentcompleted><predecessortasks></predecessortasks><childtasks></childtasks></task><task id='3_15'><name>Task 3_15</name><est>2006,7,11</est><duration>23</duration><percentcompleted>40</percentcompleted><predecessortasks></predecessortasks><childtasks></childtasks></task><task id='3_16'><name>Task 3_16</name><est>2006,7,12</est><duration>18</duration><percentcompleted>40</percentcompleted><predecessortasks></predecessortasks><childtasks></childtasks></task></childtasks></task></childtasks></task></project><project id ='1' name= 'Project 1' startdate = '2006,6,11'><task id ='1'><name>Project1 task 1</name><est>2006,6,11</est><duration>208</duration><percentcompleted>50</percentcompleted><predecessortasks></predecessortasks><childtasks><task id='2'><name>Project1 task 2</name><est>2006,6,11</est><duration>100</duration><percentcompleted>40</percentcompleted><predecessortasks></predecessortasks><childtasks></childtasks></task><task id='13'><name>Project1 task 13</name><est>2006,6,12</est><duration>80</duration><percentcompleted>90</percentcompleted><predecessortasks></predecessortasks><childtasks></childtasks></task><task id='4'><name>Project1 task 4</name><est>2006,6,22</est><duration>105</duration><percentcompleted>46</percentcompleted><predecessortasks>13</predecessortasks><childtasks><task id='23'><name>Project1 task 23</name><est>2006,6,25</est><duration>70</duration><percentcompleted>30</percentcompleted><predecessortasks></predecessortasks><childtasks></childtasks></task><task id='22'><name>Project1 task 22</name><est>2006,6,25</est><duration>80</duration><percentcompleted>30</percentcompleted><predecessortasks></predecessortasks><childtasks></childtasks></task><task id='21'><name>Project1 task 21</name><est>2006,6,25</est><duration>70</duration><percentcompleted>30</percentcompleted><predecessortasks></predecessortasks><childtasks></childtasks></task><task id='24'><name>Project1 task 24</name><est>2006,6,25</est><duration>70</duration><percentcompleted>30</percentcompleted><predecessortasks></predecessortasks><childtasks></childtasks></task></childtasks></task></childtasks></task><task id ='3'><name>Project1 task3</name><est>2006,7,9</est><duration>190</duration><percentcompleted>80</percentcompleted><predecessortasks>1</predecessortasks><childtasks><task id='14'><name>Project1 task 14</name><est>2006,7,10</est><duration>14</duration><percentcompleted>90</percentcompleted><predecessortasks></predecessortasks><childtasks></childtasks></task><task id='12'><name>Project1 task 12</name><est>2006,7,12</est><duration>110</duration><percentcompleted>1</percentcompleted><predecessortasks>14</predecessortasks><childtasks></childtasks></task><task id='15'><name>Project1 task 15</name><est>2006,7,12</est><duration>110</duration><percentcompleted>90</percentcompleted><predecessortasks>14</predecessortasks><childtasks></childtasks></task><task id='6'><name>Project1 task 6</name><est>2006,7,13</est><duration>40</duration><percentcompleted>80</percentcompleted><predecessortasks>14</predecessortasks><childtasks></childtasks></task><task id='7'><name>Project1 task 7</name><est>2006,7,18</est><duration>118</duration><percentcompleted>80</percentcompleted><predecessortasks>6</predecessortasks><childtasks><task id='8'><name>Project1 task 8</name><est>2006,7,18</est><duration>100</duration><percentcompleted>10</percentcompleted><predecessortasks></predecessortasks><childtasks><task id='555'><name>Project1 task 555</name><est>2006,7,19</est><duration>60</duration><percentcompleted>10</percentcompleted><predecessortasks></predecessortasks><childtasks></childtasks></task></childtasks></task><task id='9'><name>Project1 task 9</name><est>2006,7,18</est><duration>80</duration><percentcompleted>50</percentcompleted><predecessortasks></predecessortasks><childtasks></childtasks></task><task id='10'><name>Project1 task 10</name><est>2006,7,19</est><duration>80</duration><percentcompleted>10</percentcompleted><predecessortasks></predecessortasks><childtasks></childtasks></task></childtasks></task><task id='5'><name>Project1 task 5</name><est>2006,7,24</est><duration>60</duration><percentcompleted>70</percentcompleted><predecessortasks>6</predecessortasks><childtasks></childtasks></task><task id='11'><name>Project1 task 11</name><est>2006,7,24</est><duration>60</duration><percentcompleted>100</percentcompleted><predecessortasks>6</predecessortasks><childtasks></childtasks></task></childtasks></task><task id ='35'><name>Project1 task 35</name><est>2006,7,9</est><duration>130</duration><percentcompleted>80</percentcompleted><predecessortasks>1</predecessortasks><childtasks><task id='37'><name>Project1 task 37</name><est>2006,7,9</est><duration>110</duration><percentcompleted>90</percentcompleted><predecessortasks></predecessortasks><childtasks></childtasks></task><task id='36'><name>Project1 task 36</name><est>2006,7,17</est><duration>64</duration><percentcompleted>5</percentcompleted><predecessortasks></predecessortasks><childtasks></childtasks></task></childtasks></task></project><project id ='2' name= 'Project 2' startdate = '2006,6,14'><task id ='62'><name>Project2 task 62</name><est>2006,6,14</est><duration>157</duration><percentcompleted>50</percentcompleted><predecessortasks></predecessortasks><childtasks><task id='64'><name>Project2 task 64</name><est>2006,6,14</est><duration>90</duration><percentcompleted>90</percentcompleted><predecessortasks></predecessortasks><childtasks></childtasks></task><task id='63'><name>Project2 task 63</name><est>2006,6,22</est><duration>78</duration><percentcompleted>40</percentcompleted><predecessortasks></predecessortasks><childtasks></childtasks></task></childtasks></task></project><project id ='5' name= '5' startdate = '2006,6,16'></project><project id ='4' name= '4' startdate = '2006,6,16'></project><project id ='6' name= '6' startdate = '2006,6,17'></project></projects>