<tree id='0'><item text='index' id='index.html'><item text='others supported browsers' id='others___supported_browsers.html'></item><item text='dhtmlxgantt overview' id='dhtmlxgantt___overview.html'></item><item text='dhtmlxgantt initializing dhtmlxgantt' id='dhtmlxgantt___initializing_dhtmlxgantt.html'></item><item text='dhtmlxgantt adding tasks' id='dhtmlxgantt___adding_tasks.html'></item><item text='dhtmlxgantt loading xml data' id='dhtmlxgantt___loading_xml_data.html'></item><item text='dhtmlxgantt read only chart' id='dhtmlxgantt___read_only_chart.html'></item><item text='dhtmlxgantt tooltips' id='dhtmlxgantt___tooltips.html'></item><item text='dhtmlxgantt editable gantt' id='dhtmlxgantt___editable_gantt.html'></item><item text='dhtmlxgantt mouse moving items' id='dhtmlxgantt___mouse_moving_items.html'></item><item text='dhtmlxgantt serializing chart' id='dhtmlxgantt___serializing_chart.html'></item><item text='dhtmlxgantt event handling' id='dhtmlxgantt___event_handling.html'><item text='dhtmlxgantt event onbeforecontextmenu' id='dhtmlxgantt___event_onbeforecontextmenu.html'></item><item text='dhtmlxgantt event ontaskclick' id='dhtmlxgantt___event_ontaskclick.html'></item><item text='dhtmlxgantt event ontaskstartdrag' id='dhtmlxgantt___event_ontaskstartdrag.html'></item><item text='dhtmlxgantt event ontaskdragging' id='dhtmlxgantt___event_ontaskdragging.html'></item><item text='dhtmlxgantt event ontaskenddrag' id='dhtmlxgantt___event_ontaskenddrag.html'></item><item text='dhtmlxgantt event ontaskstartresize' id='dhtmlxgantt___event_ontaskstartresize.html'></item><item text='dhtmlxgantt event ontaskresizing' id='dhtmlxgantt___event_ontaskresizing.html'></item><item text='dhtmlxgantt event ontaskendresize' id='dhtmlxgantt___event_ontaskendresize.html'></item></item><item text='dhtmlxgantt printing' id='dhtmlxgantt___printing.html'></item><item text='dhtmlxgantt api constructor' id='dhtmlxgantt___api_constructor.html'><item text='dhtmlxgantt api toc categories' id='dhtmlxgantt___api_toc_categories.html'></item></item><item text='dhtmlxgantt api toc alpha' id='dhtmlxgantt___api_toc_alpha.html'><item text='dhtmlxgantt api method dhtmlxganttprojectinfo addtask' id='dhtmlxgantt___api_method_dhtmlxganttprojectinfo_addtask.html'></item><item text='dhtmlxgantt api method dhtmlxganttprojectinfo deletetask' id='dhtmlxgantt___api_method_dhtmlxganttprojectinfo_deletetask.html'></item><item text='dhtmlxgantt api method dhtmlxganttprojectinfo gettaskbyid' id='dhtmlxgantt___api_method_dhtmlxganttprojectinfo_gettaskbyid.html'></item><item text='dhtmlxgantt api method dhtmlxgantttaskinfo addchildtask' id='dhtmlxgantt___api_method_dhtmlxgantttaskinfo_addchildtask.html'></item><item text='dhtmlxgantt api method dhtmlxganttchart addproject' id='dhtmlxgantt___api_method_dhtmlxganttchart_addproject.html'></item><item text='dhtmlxgantt api method dhtmlxganttchart create' id='dhtmlxgantt___api_method_dhtmlxganttchart_create.html'></item><item text='dhtmlxgantt api method dhtmlxganttchart getmonthscalelabel' id='dhtmlxgantt___api_method_dhtmlxganttchart_getmonthscalelabel.html'></item><item text='dhtmlxgantt api method dhtmlxganttchart setcontextmenu' id='dhtmlxgantt___api_method_dhtmlxganttchart_setcontextmenu.html'></item><item text='dhtmlxgantt api method dhtmlxganttchart seteditable' id='dhtmlxgantt___api_method_dhtmlxganttchart_seteditable.html'></item><item text='dhtmlxgantt api method dhtmlxganttchart setimagepath' id='dhtmlxgantt___api_method_dhtmlxganttchart_setimagepath.html'></item><item text='dhtmlxgantt api method dhtmlxganttchart setmonthnames' id='dhtmlxgantt___api_method_dhtmlxganttchart_setmonthnames.html'></item><item text='dhtmlxgantt api method dhtmlxganttchart setshortmonthnames' id='dhtmlxgantt___api_method_dhtmlxganttchart_setshortmonthnames.html'></item><item text='dhtmlxgantt api method dhtmlxganttchart setstylepath' id='dhtmlxgantt___api_method_dhtmlxganttchart_setstylepath.html'></item><item text='dhtmlxgantt api method dhtmlxganttchart printtowindow' id='dhtmlxgantt___api_method_dhtmlxganttchart_printtowindow.html'></item><item text='dhtmlxgantt api method dhtmlxganttchart showcontextmenu' id='dhtmlxgantt___api_method_dhtmlxganttchart_showcontextmenu.html'></item><item text='dhtmlxgantt api method dhtmlxganttchart showdescproject' id='dhtmlxgantt___api_method_dhtmlxganttchart_showdescproject.html'></item><item text='dhtmlxgantt api method dhtmlxganttchart showdesctask' id='dhtmlxgantt___api_method_dhtmlxganttchart_showdesctask.html'></item><item text='dhtmlxgantt api method dhtmlxganttchart shownewproject' id='dhtmlxgantt___api_method_dhtmlxganttchart_shownewproject.html'></item><item text='dhtmlxgantt api method dhtmlxganttchart showtooltip' id='dhtmlxgantt___api_method_dhtmlxganttchart_showtooltip.html'></item><item text='dhtmlxgantt api method dhtmlxganttchart showtreepanel' id='dhtmlxgantt___api_method_dhtmlxganttchart_showtreepanel.html'></item><item text='dhtmlxgantt api method dhtmlxganttchart useshortmonthnames' id='dhtmlxgantt___api_method_dhtmlxganttchart_useshortmonthnames.html'></item><item text='dhtmlxgantt api method dhtmlxganttchart clearall' id='dhtmlxgantt___api_method_dhtmlxganttchart_clearall.html'></item><item text='dhtmlxgantt api method dhtmlxganttchart deleteproject' id='dhtmlxgantt___api_method_dhtmlxganttchart_deleteproject.html'></item><item text='dhtmlxgantt api method dhtmlxganttchart getprintablehtml' id='dhtmlxgantt___api_method_dhtmlxganttchart_getprintablehtml.html'></item><item text='dhtmlxgantt api method dhtmlxganttchart getprojectbyid' id='dhtmlxgantt___api_method_dhtmlxganttchart_getprojectbyid.html'></item><item text='dhtmlxgantt api method dhtmlxganttchart getxml' id='dhtmlxgantt___api_method_dhtmlxganttchart_getxml.html'></item><item text='dhtmlxgantt api method dhtmlxganttchart insertproject' id='dhtmlxgantt___api_method_dhtmlxganttchart_insertproject.html'></item><item text='dhtmlxgantt api method dhtmlxganttchart loaddata' id='dhtmlxgantt___api_method_dhtmlxganttchart_loaddata.html'></item><item text='dhtmlxgantt api method dhtmlxganttchart savedata' id='dhtmlxgantt___api_method_dhtmlxganttchart_savedata.html'></item><item text='dhtmlxgantt api method dhtmlxganttchart setsavepath' id='dhtmlxgantt___api_method_dhtmlxganttchart_setsavepath.html'></item><item text='dhtmlxgantt api method dhtmlxganttchart setloadpath' id='dhtmlxgantt___api_method_dhtmlxganttchart_setloadpath.html'></item><item text='dhtmlxgantt api method dhtmlxgantttask isproject' id='dhtmlxgantt___api_method_dhtmlxgantttask_isproject.html'></item><item text='dhtmlxgantt api method dhtmlxganttproject deletetask' id='dhtmlxgantt___api_method_dhtmlxganttproject_deletetask.html'></item><item text='dhtmlxgantt api method dhtmlxganttproject getduration' id='dhtmlxgantt___api_method_dhtmlxganttproject_getduration.html'></item><item text='dhtmlxgantt api method dhtmlxganttproject getid' id='dhtmlxgantt___api_method_dhtmlxganttproject_getid.html'></item><item text='dhtmlxgantt api method dhtmlxganttproject getname' id='dhtmlxgantt___api_method_dhtmlxganttproject_getname.html'></item><item text='dhtmlxgantt api method dhtmlxganttproject getpercentcompleted' id='dhtmlxgantt___api_method_dhtmlxganttproject_getpercentcompleted.html'></item><item text='dhtmlxgantt api method dhtmlxganttproject getstartdate' id='dhtmlxgantt___api_method_dhtmlxganttproject_getstartdate.html'></item><item text='dhtmlxgantt api method dhtmlxganttproject gettaskbyid' id='dhtmlxgantt___api_method_dhtmlxganttproject_gettaskbyid.html'></item><item text='dhtmlxgantt api method dhtmlxganttproject inserttask' id='dhtmlxgantt___api_method_dhtmlxganttproject_inserttask.html'></item><item text='dhtmlxgantt api method dhtmlxganttproject setname' id='dhtmlxgantt___api_method_dhtmlxganttproject_setname.html'></item><item text='dhtmlxgantt api method dhtmlxganttproject setpercentcompleted' id='dhtmlxgantt___api_method_dhtmlxganttproject_setpercentcompleted.html'></item><item text='dhtmlxgantt api method dhtmlxgantttask istask' id='dhtmlxgantt___api_method_dhtmlxgantttask_istask.html'></item><item text='dhtmlxgantt api method dhtmlxgantttask getduration' id='dhtmlxgantt___api_method_dhtmlxgantttask_getduration.html'></item><item text='dhtmlxgantt api method dhtmlxgantttask getest' id='dhtmlxgantt___api_method_dhtmlxgantttask_getest.html'></item><item text='dhtmlxgantt api method dhtmlxgantttask getfinishdate' id='dhtmlxgantt___api_method_dhtmlxgantttask_getfinishdate.html'></item><item text='dhtmlxgantt api method dhtmlxgantttask getid' id='dhtmlxgantt___api_method_dhtmlxgantttask_getid.html'></item><item text='dhtmlxgantt api method dhtmlxgantttask getname' id='dhtmlxgantt___api_method_dhtmlxgantttask_getname.html'></item><item text='dhtmlxgantt api method dhtmlxgantttask getparenttaskid' id='dhtmlxgantt___api_method_dhtmlxgantttask_getparenttaskid.html'></item><item text='dhtmlxgantt api method dhtmlxgantttask getpercentcompleted' id='dhtmlxgantt___api_method_dhtmlxgantttask_getpercentcompleted.html'></item><item text='dhtmlxgantt api method dhtmlxgantttask getpredecessortaskid' id='dhtmlxgantt___api_method_dhtmlxgantttask_getpredecessortaskid.html'></item><item text='dhtmlxgantt api method dhtmlxgantttask setduration' id='dhtmlxgantt___api_method_dhtmlxgantttask_setduration.html'></item><item text='dhtmlxgantt api method dhtmlxgantttask setest' id='dhtmlxgantt___api_method_dhtmlxgantttask_setest.html'></item><item text='dhtmlxgantt api method dhtmlxgantttask setname' id='dhtmlxgantt___api_method_dhtmlxgantttask_setname.html'></item><item text='dhtmlxgantt api method dhtmlxgantttask setpercentcompleted' id='dhtmlxgantt___api_method_dhtmlxgantttask_setpercentcompleted.html'></item><item text='dhtmlxgantt api method dhtmlxgantttask setpredecessor' id='dhtmlxgantt___api_method_dhtmlxgantttask_setpredecessor.html'></item></item></item></tree>