<Grid>
   <Cfg id="Search" SuppressCfg="0" Editing="0" Adding="0" Selecting="0" Deleting="0" Moving="0" SaveAttrsTrim="255"
        GroupMain="N" Group="C,S" FilterEmpty="1" Sort="N"
        Paging="2" PageLength="100" ChildPartMin="0" ChildParts="1"
        Focused="Filter" FocusedCol="N" MaxHeight="1" StaticCursor="1"
        />
   <Solid>
      <Group id="Group" Space="0" Panel="2" Custom="1" CanFocus="0"
         Cells="List,Custom,Rows,Columns,Print,ExpandAll,CollapseAll"
         ColumnsType="Button" PrintType="Button" ExpandAllType="Button" CollapseAllType="Button"
         ListLabel="Group by" List="|&lt;i>none&lt;/i>|Place|Document|Document &amp; Section" ListWidth="150"
         Cols="||P|C|C,S" RowsFormula="count(6)+' / '+count(7)+' items'" RowsWidth="-1"
         />
   </Solid>
   <Head>
      <Filter Def="R" FocusCell="Border" id="Filter" CanFocus="1"
         PCanEdit="0" PButton="Defaults" PRange="1" PShowMenu="0" PEmptyValue="&lt;i>Choose place&lt;/i>" PClass="" POnDown="ShowDefaultsF"
         PDefaults='{EnterSwitches:0,Items:[{Name:"*FilterOff"},{Name:"treegrid",Text:"&amp;lt;treegrid,bdo>"},{Name:"&lt;Cfg>"},{Name:"&lt;C>"},{Name:"&lt;I",Text:"&amp;lt;I>"},{Name:"cell>",Text:"&amp;lt;cell>"},{Name:"&lt;Space",Text:"&amp;lt;Space>"},{Name:"&lt;D",Text:"&amp;lt;D>"},{Name:"&lt;B",Text:"&amp;lt;B>"},{Name:"&lt;Header",Text:"&amp;lt;Header>"},{Name:"&lt;Filter",Text:"&amp;lt;Filter>"},{Name:"&lt;Group",Text:"&amp;lt;Group>"},{Name:"&lt;Search",Text:"&amp;lt;Search>"},{Name:"&lt;Toolbar>"},{Name:"&lt;Panel>"},{Name:"&lt;Root>"},{Name:"&lt;Pager>"},{Name:"&lt;IO>"},{Name:"&lt;Lang>"},{Name:"&lt;MenuCfg>"},{Name:"&lt;P>"},{Name:"&lt;HTML tag>"},{Name:"XML event",Text:"&amp;lt;XML event>"},{Name:"formula"},{Name:"API"},{Name:"global",Text:"global API"},{Name:"TDialog"},{Name:"TMenu"},{Name:"TPosition"}]}'
         TShowMenu="" TCanFocus="0" TBackground="#F4F4F4"
         NEmptyValue="&lt;i>Enter text to filter by&lt;/i>" NClass="" NOnDown="ShowFilterMenuF"
         VButton="Defaults" VRange="1" VShowMenu="0" VEmptyValue="&lt;i>Choose&lt;/i>" VOnDown="ShowDefaultsF" VCanEdit="0"
         VDefaults="{EnterSwitches:0,Items:'|*FilterOff|*RowsAllDef'}" 
         CButton="Defaults" CRange="1" CShowMenu="0" CEmptyValue="&lt;i>Choose document&lt;/i>" COnDown="ShowDefaultsF" CCanEdit="0"
         CDefaults="{EnterSwitches:0,Items:[{Name:'*FilterOff'},{Columns:3,Items:'|*RowsAllDef'}]}" 
         SEmptyValue="&lt;i>Enter text to filter by&lt;/i>" SOnDown="ShowFilterMenuF"
         DEmptyValue="&lt;i>Enter text to filter by&lt;/i>" DOnDown="ShowFilterMenuF"
         REmptyValue="&lt;i>Enter text to filter by&lt;/i>" ROnDown="ShowFilterMenuF"
         />
      <Header id="Header"/>
   </Head>
   <Def>
      <D Name="R" OnClickCell="" OnDblClickCell="" Background="white" FocusRow="" FocusCell="" CanFocus="0"/>
      <D Name="Group" OnClickCell="Expand OR Collapse" Background="#F0F0E0" Expanded="1" NClass="" CanFilter="2" AggChildren="1"/>
      <D Def="Group" Group="1" GroupCol="S" Background="#FFFFE0"/>
   </Def>
   <DefCols>
      <D Name="C" CaseSensitive="0"/>
   </DefCols>
   <Cols>
      <C Name="P" Width="100" Class="Place"/>
      <C Name="N" Width="170" GroupWidth="250" Class="Name" WhiteChars=" "/>
      <C Name="V" Range="1"/>
      <C Name="T" Class="Type"/>
      <C Name="F" Visible="0"/>
      <C Name="C"/>
      <C Name="S"/>
      <C Name="D" MenuName="Default/arguments"/>
      <C Name="R"/>
   </Cols>
   <Header F="File" C="Document" S="Section" P="Place" T="Type" N="Name" D="Default value / function arguments / event attach" R="Remark" V="Version"/>
   <Panel Visible="0" CanHide="0"/>
   <Pager Visible="0" CanHide="0"/>
   <Toolbar Visible="0"/>
</Grid>

