<?xml version="1.0"?>
<Grid>
   <!-- Cfg tag is splitted by attributes just for comments, you should merge them in your standard applications -->
   <Cfg id='ServerSorting'/> <!-- Grid identification for saving configuration to cookies -->
   <Cfg Paging='3'/> <!-- Paging set to server, but ChildPaging was let on client -->
   <Cfg PageLength='21'/> <!-- count of rows at one page -->
   <Cfg MaxHeight='1'/> <!-- Grid maximizes height of the main tag on page -->
   <Cfg IdChars='0123456789' NumberId='1'/> <!-- row ids are set by numbers -->
   <Cfg Sort='Project,Resource'/> <!-- To sort grid according to Project and Resource for first time (when no configuration saved) -->
   <Cfg Dragging='0'/> <!-- Moving rows is not implemented -->
   <Colors Alternate='-10,-10,0' AlternateRepeat='3'/> <!-- Every third row will have different color -->
   <Cols>
      <C Name='Project' Width='250' Type='Text'/>
      <C Name='Resource' Width='120' Type='Text'/>
      <C Name='Week' Width='60' Type='Int'/>
      <C Name='Hours' Width='60' Type='Int'/>
   </Cols>
   <Pager Width='170'/> <!-- Right side pager -->
</Grid>
