<Grid>
   <!-- Cfg tag is splitted by attributes just for comments, you should merge them in your standard applications -->
   <Cfg IgnoreFocused='1'/>
   <Cfg id="DLLFile"/> <!-- Grid identification for saving configuration to cookies -->
   <Cfg Paging='3' ChildPaging='3'/> <!-- Both paging set to server -->
   <Cfg SaveSession='1'/> <!-- Stores IO Session to cookies to identify the client on server and access appropriate grid instance -->
   <Cfg Prepared='1'/> <!-- DLL sends data prepared, so you can set this attribute to speed up loading -->
   <Cfg ShowDeleted='0'/> <!-- This example hides deleted row instead of coloring them red -->
   <Cfg MaxHeight='1'/> <!-- Grid maximizes height of the main tag on page -->
   <Cfg Sort='P,M'/> <!-- To sort grid according to partner and Month for first time (when no configuration saved) -->
   <Cfg MaxGroupLength='0'/> <!-- Suppresses dividing rows to more groups when grouping because it is controlled by MaxChildren of all rows -->
   <Cfg Group='P'/> <!-- To group grid by partner for first time (when no configuration saved) -->
   <Cfg GroupRestoreSort='1'/> <!-- Restores sorting state after grouping that was before grouping -->
   <Cfg GroupSortMain='1'/> <!-- When grouping always sorts according to main column ascending -->
   <Cfg Adding='0' /> <!-- Suppress adding new rows when grid is not grouped -->
   <Actions OnUngroup='Grid.Adding=0;'/> <!-- Suppress adding new rows when grid is not grouped -->
   <Cfg FilterEmpty='1'/> <!-- When filtering, hides group rows that have all children hidden, see the Group row have set CanFilter='2' -->
   <Cfg Style='GB'/> <!-- Shows the example in 'Borders' style -->
   <Cfg IndexEnum='1'/> <!-- All enums are set by index -->
   <Cfg NameCol='P'/> <!-- Row will be identifies by Partner name in messages (e.g. in deleting rows) -->
   <Root AcceptDef=''/> <!-- By default (when no grouping is active) rows cannot be added or moved -->
   <Def>
      <D Name='R' AcceptDef='' CanEdit='0' oCanEdit='1' iCanEdit='1' eCanEdit='1' CalcOrder='g,d,p' MaxChildren='100'/>
      <!-- Base row settings 
         AcceptDef='' means that no rows can be added or moved to children of the row
         MaxChildren set maximum children that row can contain. If the child count exceeds this limit, there are created group of children -->
			
      <D Name='Group' CanFilter='2' Calculated='1' CalcOrder='o,i,e,g,d,p,r' oCanEdit='0' iCanEdit='0' eCanEdit='0'
         oFormula='sum()' iFormula='sum()' eFormula='sum()' gFormula='sum()' dFormula='sum()' pFormula='sum()'
         OnGroup='Grid.Adding=0;'
         />
      <!-- Base group setting - for group row created when grouping
         It also inherits attributes from group row defined in Defaults.xml 
         CanFilter='2' means that this row will be hidden when it does not have any visible children when filtering, see Cfg FilterEmpty 
         Action suppresses adding new rows when grid is grouped by another column than Partner
         -->

      <D Name='GroupPartner' Def='Group' GroupCol='P' GroupCols='|P|R,P|C,P|S,P|R,C,P|R,S,P|C,S,P|R,C,S,P' GroupMain='M' GroupMainCaption='Partner / Month'
         EditCols='Main,R,C,S,x,s,c,r' CanDelete='1' CanDrag='1'
         OnGroup='Grid.Adding=1;'  
         P='New partner' M='New partner' MType='Text' ParentAcceptDef='GroupPartner' AcceptDef='R'>
         <I M='0'/> <I M='1'/> <I M='2'/> <I M='3'/> <I M='4'/> <I M='5'/> <I M='6'/> <I M='7'/> <I M='8'/> <I M='9'/> <I M='10'/> <I M='11'/>
      </D>
      <!-- Group row created when grouping by partner (set by GroupCol attribute) 
         GroupCols tells that this default row is used only when grid is grouped by Region, Country, State, Partner in that order
         GroupMain tells to show grouped tree in Month column
         This default is specific to this example and is used to edit all cells specific to Partner.
         EditCols controls editing and bubbling changes to children.
         This is the only row in this example that can be deleted, moved or added.
         The children of this default are automatically created when this row added as new row (12 months).
         ParentAcceptDef sets AcceptDef attribute of the parent row to let adding and moving this row
      -->
      
      <D Name='GroupLocPartner' Def='Group' GroupCol='R,C,S' GroupCols='|P|R,P|C,P|S,P|R,C,P|R,S,P|C,S,P|R,C,S,P|' GroupMain='M' GroupMainCaption='Location / Partner / Month'
         EditCols='Main' RCopyTo='Children,R' CCopyTo='Children,C' SCopyTo='Children,S'
         xVisible='0' sVisible='0' cVisible='0' rVisible='0'
         />
      <!-- Group row created when grouping by Region or Country or State 
         GroupCols tells that this default row is used only when grid is grouped by Region, Country, State, Partner in that order
         EditCols and .CopyTo attributes controls editing and bubbling changes to children. -->        
         
      <D Name='GroupLoc' Def='GroupLocPartner' GroupCol='R,C,S' GroupCols='|R|C|S|R,C|R,S|C,S|R,C,S' GroupMain='P' GroupMainCaption='Location / Partner'
         MVisible='0' />
      <!-- Group row created when grouping by Region or Country or State
         GroupCols tells that this default row is used only when grid is grouped by Region, Country, State (without Partner!) in that order 
         GroupMain tells to show grouped tree in Partner column
         This default inherits attributes from GroupLocPartner and just changes some. -->        
      	
      <D Name='GroupOther' Def='Group' GroupMain='P'
         MVisible='0' RVisible='0' CVisible='0' SVisible='0'     
         xVisible='0' sVisible='0' cVisible='0' rVisible='0'
         />
      <!-- Group row created for all other conditions than fulfilled by previous group rows.
         It does not provide editing capabilities
         It is usual grouping row defined in applications -->
   </Def>
   <LeftCols>
      <C Name='P' Width='130' GroupWidth='200' Type='Text' ToolTip='1' Group='1'/>
      <!-- Partner, main column for other groupings, width 130px, when grouped 200px 
         Shows value as tooltip
         Is in one group with Month because of spanned fixed row - cannot be moved outside the group -->
			
      <C Name='M' Width='80' GroupWidth='200' Type='Enum' Group='1' 
         Enum='|01/2004|02/2004|03/2004|04/2004|05/2004|06/2004|07/2004|08/2004|09/2004|10/2004|11/2004|12/2004'
         /> <!-- Month, main column for grouping by partner, width 80px, when grouped 200px -->
         
   </LeftCols>
   <Cols>
      <C Name='R' Width='150' Type='Enum' Refresh='C,S' Group='1'
         Enum='|Central &amp; South Asia|East Asia &amp; the Pacific|East Europe|Middle East &amp; North Africa|North &amp; Central America|South America|Sub-Saharan Africa|West Europe'/>
      <C Name='C' Width='110' Type='Enum' Related='R' Refresh='S' Group='1' IntFormat='(unknown)'
         Enum0="|ARMENIA|AZERBAIJAN|BANGLADESH|INDIA|KAZAKSTAN|PAKISTAN|SRI LANKA"
         Enum1="|AUSTRALIA|BRUNEI|CHINA|HONG KONG|INDONESIA|JAPAN|KOREA, DPR|MALAYSIA|MONGOLIA|MYANMAR|NEW ZEALAND|PAPUA NEW GUINEA|PHILIPPINES|SINGAPORE|SOUTH KOREA|TAIWAN|THAILAND|VIETNAM"
         Enum2="|ALBANIA|BELARUS|BULGARIA|CROATIA|CZECH REPUBLIC|ESTONIA|HUNGARY|LATVIA|LITHUANIA|MOLDOVA|POLAND|ROMANIA|RUSSIA|SERBIA-MONTENEGRO|SLOVAK REPUBLIC|SLOVENIA|UKRAINE"
         Enum3="|ALGERIA|BAHRAIN|EGYPT|IRAN|IRAQ|ISRAEL|JORDAN|KUWAIT|LEBANON|LIBYA|MOROCCO|OMAN|QATAR|SAUDI ARABIA|SYRIA|TUNISIA|UAE|YEMEN"
         Enum4="|BAHAMAS|CANADA|COSTA RICA|CUBA|DOMINICAN REPUBLIC|EL SALVADOR|GUATEMALA|HAITI|HONDURAS|JAMAICA|MEXICO|NICARAGUA|PANAMA|TRINIDAD &amp; TOBAGO|UNITED STATES"
         Enum5="|ARGENTINA|BOLIVIA|BRAZIL|CHILE|COLOMBIA|ECUADOR|GUYANA|PARAGUAY|PERU|SURINAME|URUGUAY|VENEZUELA"
         Enum6="|ANGOLA|BOTSWANA|BURKINA FASO|CAMEROON|CONGO|CONGO DR|COTE D'IVOIRE|ETHIOPIA|GABON|GAMBIA|GHANA|GUINEA|GUINEA-BISSAU|KENYA|LIBERIA|MADAGASCAR|MALAWI|MALI|MOZAMBIQUE|NAMIBIA|NIGER|NIGERIA|SENEGAL|SIERRA LEONE|SOMALIA|SOUTH AFRICA|SUDAN|TANZANIA|TOGO|UGANDA|ZAMBIA|ZIMBABWE"
         Enum7="|AUSTRIA|BELGIUM|CYPRUS|DENMARK|FINLAND|FRANCE|GERMANY|GREECE|ICELAND|IRELAND|ITALY|LUXEMBOURG|MALTA|NETHERLANDS|NORWAY|PORTUGAL|SPAIN|SWEDEN|SWITZERLAND|TURKEY|UNITED KINGDOM"
         /> <!-- The 'C' column is related to 'R' column, it contains only countries from selected refion -->
      <C Name='S' Width='70' Type='Enum' Related='R,C' Group='1' GroupEmpty='0' IntFormat='(unknown)'
         Enum4_14="|Alabama|Alaska|Arizona|Arkansas|California|Colorado|Connecticut|Delaware|Florida|Georgia|Hawaii|Idaho|Illinois|Indiana|Iowa|Kansas|Kentucky|Louisiana|Maine|Maryland|Massachusetts|Michigan|Minnesota|Mississippi|Missouri|Montana|Nebraska|Nevada|New Hampshire|New Jersey|New Mexico|New York|North Carolina|North Dakota|Ohio|Oklahoma|Oregon|Pennsylvania|Rhode Island|South Carolina|South Dakota|Tennessee|Texas|Utah|Vermont|Virginia|Washington|West Virginia|Wisconsin|Wyoming"
         /> <!-- The 'S' column is related to 'C' column, it contains only states from selected country 
         If the country is not divided to states, it is empty and read-only 
         This column has set GroupType=16 - when grouping by State, it does not create groups for empty states -->
      <C Name='x' Width='80' Type='Bool' Format='||x'/> <!-- Registered -->
      <C Name='s' Width='90' Type='Date' Format='d'/> <!-- Since -->
      <C Name='c' Width='70' Type='Enum' Enum='|week|month|quarter|half year|year'/> <!-- Calls per -->
      <C Name='r' Width='60' Type='Int'/> <!-- Rabat -->

      <C Name='o' Width='60' Type='Int'/> <!-- Orders -->
      <C Name='i' Width='85' Type='Float' Format=',0.00'/> <!-- Income -->
      <C Name='e' Width='85' Type='Float' Format=',0.00'/> <!-- Expenses -->
      <C Name='g' Width='90' Type='Float' Format=',0.00' Formula='i-e'/> <!-- Gross profit -->
      <C Name='d' Width='70' Type='Float' Format=',0.00' Formula='g>0?r*g/100:0'/> <!-- Discount -->
   </Cols>
   <RightCols>
      <C Name='p' Width='75' Type='Float' Format=',0.00' Formula='g-d'/> <!-- Profit -->
   </RightCols>
   <Header
      R='Region' C='Country' S='State' P='Partner' M='Month' 
      x='Registered' s='Since' c='Calls per'  o='Orders' 
      i='Income' e='Expenses' g='Gross profit' r='Rabat' d='Discount'
      p='Profit' 
      /> <!-- Column captions -->
   <Head>
      <Group Cells='Caption,List,Custom' Space='0'
         Caption='Choose&amp;nbsp;view:' CaptionWidth='80' CaptionType='Html' CaptionCanEdit='0'  
         ListHtmlPrefix='&lt;b>' ListHtmlPostfix='&lt;/b>' ListWidth='120' 
         List='|None|Partner|Location,&amp;nbsp;Partner|Location|Month'
         Cols='||P|R,C,S,P|R,C,S|M'
         ListCustom='Other'
         /> <!-- Group row - to let user choose or build grouping -->
      <Filter CanEdit='1' 
         RFilterOff='(all)' RCanEmpty='1' RShowMenu='0' 
         CFilterOff='(all)' CCanEmpty='1' CShowMenu='0' 
         SFilterOff='(all)' SCanEmpty='1' SShowMenu='0'
         /> <!-- Filter row - to let user choose filter, changes filtering of area enums by selection only -->
   </Head>
   <Foot>
      <I id='$Results' CanDelete='0' CanEdit='0' Calculated='1' 			
         Spanned='1' P='Total results' PSpan='2' 
         RVisible='0' CVisible='0' SVisible='0'
         xVisible='0' cVisible='0' 
         CalcOrder='o,i,e,g,d,p,r'
         rType='Float' rFormat='0.00"%"' rFormula='g?d/g*100:0'
         oFormula='sum()' iFormula='sum()' eFormula='sum()' gFormula='sum()' dFormula='sum()' pFormula='sum()'
         oCanEdit='0' iCanEdit='0' eCanEdit='0'
         /> <!-- Bottom row with the summary results -->
   </Foot>
   <Pager Width='130'/> <!-- Right side pager -->
   <Lang>
      <Alert ErrAdd='Cannot add new partner here!'/> <!-- Changes text of adding error message -->
   </Lang>
</Grid>