<Grid>
<Cfg id='Advanced7' MainCol='Rank'/>
<Cols>
      <C Name='Rank' Width='200'/>
</Cols>
<Def>
	<D Name='R' Rank='Level 5'/>
	<D Name='D1' Rank='Level 1' CDef='D2'/>
	<D Name='D2' Rank='Level 2' CDef='D3'/>
	<D Name='D3' Rank='Level 3' CDef='D4'/>
	<D Name='D4' Rank='Level 4'/>
</Def>
<Root CDef='D1'/>
<Body>
<B>
<I>
	<I>
		<I/>
		<I>
			<I>
				<I/>
				<I/>
			</I>
			<I/>
		</I>
		<I>
			<I/>
			<I/>
		</I>
	</I>
	<I/>
	<I>
		<I/>
		<I>
			<I/>
		</I>
	</I>
</I>
</B>
</Body>
</Grid>