<Grid>
<Cfg id='Advanced6'/>
<Cols>
		
      <C Name='A'/>
      <C Name='B' Type='Date'/>
</Cols>
<Header A='default' B='data'/>
<Def>
	<D Name='R' A='none' B='12/31/2000 16:35:23'/>
	<D Name='D1' A='def 1' BFormat='M/d/yyyy'/>
	<D Name='D2' A='def 2' BFormat='hh:mm:ss'/>
	<D Name='D3' BFormat='dddd'/>
	<D Name='D4' A='def 4' Def='D2'/>
</Def>
<Body>
<B>
<I Def='D1'/>
<I Def='D2'/>
<I Def='D3'/>
<I Def='D4'/>
<I/>
<I Def='D1'/>
<I Def='D1' B='1/1/2000'/>
<I BFormat=' ' BCanEdit='0'/>
</B>
</Body>
</Grid>