<Grid>
<Cfg id='Advanced2' NoFormatEscape='1'/>
<Cols>
      <C Name='A' Type='Text' Width='50'/>
      <C Name='B' Type='Float' Width='80' Format='0.00'/>
      <C Name='C' Type='Float' Width='80' Format='0.00'/>
      <C Name='D' Type='Date' Width='110' Format='M/d/yyyy'/>
      <C Name='E' Type='Date' Width='70' Format='hh:mm:ss' Button='None'/>
</Cols>
<Body>
<B>
<I A='Text' B='-123456.789' BFormat='' C='0.032' CFormat='' D='12/31/2002' DFormat='' E='20:30:05' EFormat=''/>
<I A='Text' AFormat='|1' B='-123456.789' C='0.032' D='12/31/2002' E='20:30:05'/>
<I A='Text' AFormat='|2' B='-123456.789' BFormat='$#####0".-"' C='0.032' CFormat='$#####0".-"' D='12/31/2002' DFormat='ddd d.M. yyyy' E='20:30:05' EFormat='hh:mm:ss tt'/>
<I A='Text' AFormat='|1|-. | .-' B='-123456.789' BFormat='$#####0;!!! $#####0;"nothing"' C='0.032' CFormat='$#####0;!!! $#####0;"nothing"' D='12/31/2002' DFormat='dddd' E='20:30:05' EFormat='h:m:s tt'/>
<I A='Text' AFormat='|0|| ...' B='-123456.789' BFormat='0.000 E+00' C='0.032' CFormat='0.000 E+00' D='12/31/2002' DFormat='yyyy, MMMM' E='20:30:05' EFormat='HH:mm'/>
<I A='Text' AFormat='|2|||e|g|' B='-123456.789' BFormat='000.00 (E000)' C='0.032' CFormat='000.00 (E000)' D='12/31/2002' DFormat='MMM"&apos;"yy' E='20:30:05' EFormat='""h'/>
<I A='Text' AFormat='|1|||[tx]|g|($&amp;)' B='-123456.789' BFormat=',0.00' C='0.032' CFormat=',0.00' D='12/31/2002' DFormat='M/d hh:mm:ss' E='20:30:05' EFormat='mm:ss'/>
<I A='Text' AFormat='|0|- | -|\w|g|*' B='-123456.789' BFormat='0,,.00000" x 1e6"' C='0.032' CFormat='0,.00000" x 1e3"' D='12/31/2002' DFormat='MM-dd-yy\/hh.mm' E='20:30:05' EFormat='t\&apos;h:m'/>
<I A='Text' AHtmlPrefix='&lt;B style="color:blue;">' AHtmlPostfix='&lt;/B>' B='-123456.789' BFormat='"&lt;B>"#######0.##"&lt;/B>";"&lt;B style=&apos;color:red;&apos;>"#######0.##"&lt;/B>"' C='0.032' CFormat='"&lt;B>"#######0.##"&lt;/B>";"&lt;B style=&apos;color:red;&apos;>"#######0.##"&lt;/B>"' D='12/31/2002' DFormat='MM/dd/"&lt;B style=&apos;color:red;&apos;>"yyyy"&lt;/B>"' E='20:30:05' EFormat='"&lt;B>"HH:mm"&lt;/B>"'/>
<I A='Text' AHtmlPrefix='&lt;I>' AHtmlPostfix='&lt;/I>' B='-123456.789' BFormat='c' C='0.032' CFormat='c' D='12/31/2002' DFormat='"&lt;B>"ddd"&lt;/B> - &lt;I>"MMMM"&lt;/I>"' E='20:30:05' EFormat='"&lt;B>"HH"&lt;/B>":mm:"&lt;I>"ss"&lt;/I>"'/>
<I A='Text' AHtmlPrefix='&lt;B>' AHtmlPostfix='&lt;/B>' AFormat='|1|- | -' B='-123456.789' BFormat='p' C='0.032' CFormat='p' D='12/31/2002' DFormat='"&lt;B>"ddd"&lt;/B>" M/d "&lt;I>&apos;"yy"&lt;/I>"' E='20:30:05' EFormat='"&lt;SPAN style=&apos;background-color:#AAF;&apos;>"hh:mm:ss"&lt;/SPAN>'/>
<I BType='Text' CType='Text' D='12/31/2002' DFormat='d' E='20:30:05' EFormat='t'/>
<I BType='Text' CType='Text' D='12/31/2002' DFormat='Y' E='20:30:05' EFormat='T'/>
</B>
</Body>
</Grid>