<Grid>
<Cfg id='Advanced3'/>
<Cols>
      <C Name='A' Type='Text' Width='50'/>
      <C Name='B' Type='Text' Width='50' CanEdit='0' CanSort='0'/>
      <C Name='C' Type='Text' Width='50' CanSort='0' CanFilter='0'/>
      <C Name='D' Type='Text' Width='50' CanFocus='0' CanResize='0' CanMove='0'/>
      <C Name='E' Type='Text' Width='50'/>
</Cols>
<Head>
<I Kind='Filter'/>
</Head>
<Body>
<B>
<I CanFilter='0' A='Text' B='Text' C='Text' D='Text' E='Text'/>
<I CanFilter='0' CanDrag='0' CanDelete='0' A='Text' B='Text' C='Text' CCanFocus='0' D='Text' E='Text'/>
<I CanEdit='0' A='Text' B='Text' C='Text' D='Text' E='Text'/>
<I A='Text' B='Text' BCanEdit='1' C='Text' D='Text' DCanFocus='1' E='Text'/>
<I CanFocus='0' A='Text' B='Text' C='Text' D='Text' E='Text'/>
<I CanDelete='0' CanSelect='0' A='Text' B='Text' C='Text' D='Text' E='Text'/>
<I CanDrag='0' A='Text' B='Text' C='Text' CCanEdit='0' D='Text' E='Text'/>
<I CanSelect='0' A='Text' ACanFocus='0' B='Text' C='Text' D='Text' E='Text' ECanEdit='0'/>
<I A='Text' B='Text' C='Text' D='Text' E='Text'/>
</B>
</Body>
</Grid>