<Grid>
<Cfg id='Simple7' MainCol='A' Style='GS'/>
<Cols>
      <C Name='A' Width='100'/>
      <C Name='C' Type='Date' Width='90'/>
      <C Name='B' Type='Float' Width='60'/>
</Cols>
<Body>
<B>
<I A='Parent' B='1.12' C='1/1/2000'>
	<I A='Child' B='1.4' C='1/2/2000'/>
	<I A='Child' B='1.3' C='1/3/2000'/>
</I>
<I A='Parent' B='0.96' C='1/1/2001' Expanded='0'>
	<I A='Child' B='1.4' C='1/2/2001'/>
	<I A='Child' B='1.3' C='1/3/2001'/>
</I>
</B>
</Body>
<Toolbar Styles='1' Reload='0' Print='0' Add='0' AddChild='0' Sort='0' Calc='0' ExpandAll='0' CollapseAll='0' Columns='0' Help='0' Debug='0'/>
<MenuCfg ShowDeleted='0' AutoSort='0' AutoUpdate='0' Separator1='0' MouseHover='1' ShowDrag='1' ShowPanel='1'/>
<Panel Copy='1' Move='1' Select='0' Delete='0'/>
</Grid>