<Grid>
   <Cfg id='Simple8'/>
   <Cols>
      <C Name='Col1'/>
      <C Name='Col2'/>
      <C Name='Col3' Width='250'/>
      <C Name='Col4'/>
   </Cols>
   <Solid>
      <I Space='0' Cells='A' A='Space=0'/>
      <I Space='1' Panel='1' Cells='A,B' A='Space=1'/>
      <I Space='2' Html='Space=2, without cells'/>
      <I Space='3' Cells='X,Y' X='Space=3, Height=30' XWidth='130' YRelWidth='1' Y='RelWidth' Height='30'/>
      <I Space='4' Cells='A,B' A='Space=4' ACanFocus='0' BColor='255,255,254'/>
      <I Space='5' Cells='X,Y,Z' X='Space=5' NoColor='1' CanFocus='0'/>
   </Solid>
   <Head>
      <I Col1='Head'/>
   </Head>
   <Foot>
      <I Col1='Foot'/>
   </Foot>
   <Body>
      <B>
         <I Col1='Body'/>
         <I Col1='Body'/>
      </B>
   </Body>
</Grid>