<Grid>
<Cfg id='Simple4'/>
<Cols>
      <C Name='A'/>
      <C Name='B' Type='Float' Format='$#####0.00' Width='70'/>
      <C Name='C' Type='Date' Format='ddd MM/dd/yyyy' EditFormat='d.M.yyyy' Width='105'/>
      <C Name='D' Type='Enum' Enum='|one|two|three'/>
</Cols>
<Header A='desc' B='price' C='date' D='option'/>
<Body>
<B>
<I A='Text 1' B='0' C='1/1/2000' D='0'/>
<I A='Text 2' B='1.199' C='12/31/2000' D='1'/>
<I A='Text 3' B='-654' C='7/12/1900' D='2'/>
<I A='Text 4' B='-1.054' C='5/20/2010' D='1'/>
</B>
</Body>
</Grid>