<Grid>
<Cfg id='Editing3' AcceptEnters='1'/>
<Cols>
      <C Name='A' Type='Text' Width='200'/>
      <C Name='B' Type='Lines' Width='110' CanEdit='0'/>
</Cols>
<Header A='Text' B='Mask'/>
<Body>
<B>
<I A='abcdef' AMaskColor='blue' AEditMask='^[a-z]*$' B='only small letters'/>
<I A='123456' AEditMask='^[0-9]*$' B='only digits'/>
<I A='support@coqsoft.com' AEditMask='^[\w\.-]*@[\w\.-]*\.[a-zA-Z\.]*$' AResultMask='^[a-zA-Z][\w\.-]*[a-zA-Z0-9]@[a-zA-Z0-9][\w\.-]*[a-zA-Z0-9]\.[a-zA-Z][a-zA-Z\.]*[a-zA-Z]$' AResultText='Given email address is incorrect !' B='email'/>
<I A='sales@coqsoft.com' AResultMask='^[a-zA-Z][\w\.-]*[a-zA-Z0-9]@[a-zA-Z0-9][\w\.-]*[a-zA-Z0-9]\.[a-zA-Z][a-zA-Z\.]*[a-zA-Z]$' AResultText='Given email address is incorrect !' B='email post validation'/>
<I A='http://www.coqsoft.com/treegrid/' AEditMask='^http\:\/\/' AResultMask='^http\:\/\/\w{1,}\.[\w\.]{1,}\/' B='WWW URL'/>
<I AType='Lines' A='Name: TreeGrid support&#x0A;Email: support@coqsoft.com' AEditMask='^Name\: [a-zA-z\.\- ]*\r?\nEmail\: [\w.-@]*$' AResultMask='^Name\:\s[a-zA-z][a-zA-z\.\- ]*\r?\nEmail\: [a-zA-Z][\w\.-]*[a-zA-Z0-9]@[a-zA-Z0-9][\w\.-]*[a-zA-Z0-9]\.[a-zA-Z][a-zA-Z\.]*[a-zA-Z]$' B='Name and email&#x0A;Alt+Enter to accept'/>
</B>
</Body>
</Grid>