<Grid>
<Cfg id='Editing2' AcceptEnters='1'/>
<Cols>
      <C Name='A' Type='Text' Width='40'/>
      <C Name='B' Type='Lines' Width='130'/>
      <C Name='C' Type='Lines' Width='130'/>
</Cols>
<Body>
<B>
<I A='Text 1' B='Short text' C='Short text'/>
<I A='Text 2' B='Short text' C='Long text, one two three four five six seven eight nine ten'/>
<I A='Text 3' B='Long text, one two three four five six seven eight nine ten' C='Long text, one two three four five'/>
<I A='Text 4' B='Long text&#x0A;with enters&#x0A;Bla bla plus' C='OneLongLineOfTextOneTwoThreeFourFive'/>
<I MaxHeight='45' A='Text 5' B='Very long text, one two three four five six seven eight nine ten eleven twelve thirteen' CCanEdit='2' C='Very long text, one two three four five six seven eight nine ten eleven twelve thirteen'/>
</B>
</Body>
</Grid>