<Grid>
<Cfg id='Editing4'/>
<Cols>
      <C Name='X' Width='35' CanEdit='0'/>
      <C Name='A' Width='180'/>
      <C Name='B' Width='130' CanEdit='0'/>
</Cols>
<Header X='Name' A='Editable' B='Noneditable'/>
<Def>
   <D Name='Link' X='Link' AType='Link' BType='Link'/>
   <D Name='Img' X='Img' AType='Img' AFormat='|||||||1' BType='Img' BFormat='|||||||1'/>
   <D Name='List' X='List' AType='List' AFormat='|0||||&lt;B style="color:red">|&lt;/B>|||||&lt;B style="color:green">|&lt;/B>|||||&lt;B style="color:blue">|&lt;/B>'
            BType='List' BFormat='|0||||&lt;B style="color:red">|&lt;/B>|||||&lt;B style="color:green">|&lt;/B>|||||&lt;B style="color:blue">|&lt;/B>'/>

</Def>
<Body>
<B>
<I Def='Link' A='|http://www.treegrid.com' B='|http://www.treegrid.com'/>
<I Def='Link' A='|http://www.treegrid.com|TreeGrid' B='|http://www.treegrid.com|TreeGrid'/>
<I Def='Link' A='|http://www.treegrid.com|TreeGrid' AEditFormat='|2|1|1' B='|http://www.treegrid.com|TreeGrid'/>
<I Def='Img' A='|../Grid/Standard/Toolbar.gif||13' B='|../Grid/Standard/Toolbar.gif||13'/>
<I Def='Img' A='|../Grid/Standard/Toolbar.gif||16|||http://www.treegrid.com' B='|../Grid/Standard/Toolbar.gif||16|||http://www.treegrid.com'/>
<I Def='Img' A='|../Grid/Standard/Toolbar.gif||16|||http://www.treegrid.com' AEditFormat='|2|1|0|1' B='|../Grid/Standard/Toolbar.gif||16|||http://www.treegrid.com'/>
<I Def='Img' A='|../Grid/Standard/Toolbar.gif|20|16|50|0|http://www.treegrid.com' AEditFormat='|2|1|1|1' B='|../Grid/Standard/Toolbar.gif|20|16|50|0|http://www.treegrid.com'/>
<I X='Pass' AType='Pass' A='abc' BType='Pass' B='abc'/>
<I X='Radio' AType='Radio' A='6' AEnum='|0|1|2|3|4|5|6|7|8|9|10' AWrap='1' BType='Radio' B='6' BWrap='1' BEnum='|0|1|2|3|4|5|6|7|8|9|10'/>
<I X='Radio' AType='Radio' A='2;4' AEnum='|1|2|4|8|16' ARange='1' AWrap='1' BType='Radio' B='2;4' BRange='1' BWrap='1' BEnum='|1|2|4|8'/>
<I Def='List' A='|R|G|B' B='|R|G|B'/>
<I Def='List' A='|One |Two |Three ' B='|One |Two |Three '/>
</B>
</Body>
</Grid>