<Grid>
<Cfg id='Editing1' Sorting='0'/>
<Def>
   <D Name='C' CanEmpty='1' EmptyValue='- empty -'/>
</Def>
<Cols>
      <C Name='A' Type='Text'/>
      <C Name='B' Type='Int'/>
      <C Name='C' Type='Float'/>
      <C Name='D' Type='Date' Width='90'/>
      <C Name='E' Type='Date' Button='None' Format='HH:mm:ss'/>
      <C Name='F' Type='Enum' Enum='|one|two|three' IntFormat='(##)'/>
      <C Name='G' Type='Bool'/>
</Cols>
<Header A='Text' B='Int' C='Float' D='Date' E='Date' F='Enum' G='Bool'/>
<Body>
<B>
<I/>   
<I A='Text 1' B='0' C='3.14' D='1/1/2000' E='10:12:30' F='0' G='0'/>
<I A='Text 2' B='20' BEditFormat='000' C='7' CEditFormat='000' D='12/31' DEditFormat='MM/dd' E='4:15' EEditFormat='H:mm' F='1' G='1' GCanEdit='0'/>
<I A='Text 3' ACanEdit='0' B='-3' C='-13.256' CEditFormat='0.0000' D='7/12/1900' DEditFormat='M/d/yyyy' DButton='None' E='23:59:59' EEditFormat='HH:mm' F='2' FCanEdit='0' G='1'/>
<I A='Text 4' B='1234' C='0.032' CEditFormat='00.000' D='5/20/2010' DEditFormat='M/d/yy' E='00:00:00' EEditFormat='H:m:s' F='8' G='0'/>
</B>
</Body>
</Grid>