<Grid>
<Cfg id='Expert5Main' MainCol='A' SuppressMessage='1' Deleting='0' ShowDeleted='0'/>
<Cols>
      <C Name='A'/>
      <C Name='B'/>
      <C Name='C'/>
</Cols>
<Def>
   <D Name='Node' CDef='Item' Calculated='1' CFormula='count()'/>
   <D Name='Item'/>
</Def>
<Root CDef='Node'/>
<Body>
<B>
<I id='N1' A='Node1' B='N1' Expanded='0'>
   <I id='I1' A='Item1' B='I1'/>
   <I id='I2' A='Item2' B='I2'/>
</I>
<I id='N2' A='Node2' B='N2'/>
<I id='N3' A='Node3' B='N3'>
   <I id='I3' A='Item3'  B='I3'/>
</I>
<I id='N4' A='Node4' B='N4'/>
</B>
</Body>
<Toolbar Visible='0'/>
</Grid>