<Grid>
<Cfg id='Expert8Master' MainCol='A' DetailExpand='1' ChildPaging='3'/>  
<Cols>
   <C Name='A' Type='Text' Width='150'/>
   <C Name='B' Type='Int'/>
</Cols>
<Def>
   <D Name='R' Calculated='1' BFormula='count()' Expanded='0'/>
</Def>
<Panel Copy='7'/>
<Head>
   <I Kind='Filter'/>
</Head>
<Body>
<B>
<I A='Node 1' Detail='Expert8Detail'>
   <I A='Node 1-1'/>
   <I A='Node 1-2'>
      <I A='Node 1-2-1'/>
      <I A='Node 1-2-2'/>
   </I>
   <I A='Node 1-3' Detail='Expert8Detail'>
      <I A='Node 1-3-1'/>
      <I A='Node 1-3-2'/>
      <I A='Node 1-3-3'/>
   </I>
   <I A='Node 1-4'/>
</I>
<I A='Node 2 not master'>
   <I A='Node 2-1'/>
   <I A='Node 2-2' Detail='Expert8Detail'>
      <I A='Node 2-2-1'/>
      <I A='Node 2-2-2'/>
   </I>
   <I A='Node 2-3' Detail='Expert8Detail'/>
</I>
<I id='N3' A='Node 3 server' Detail='Expert8Detail' Count='3'/>
<I A='Node 4 not expand' Detail='Expert8Detail' CanExpand='0' Expanded='0'>
   <I A='Node 4-1'/>
   <I A='Node 4-2'>
      <I A='Node 4-2-1'/>
      <I A='Node 4-2-2'/>
   </I>
   <I A='Node 4-3'/>
</I>
</B>
</Body>
</Grid>