<Grid>
<Cfg id='Expert3' ColMoving='0'/>
<LeftCols>
      <C Name='A' Width='40'/>
      <C Name='B' Width='40'/>
</LeftCols>
<Cols>
      <C Name='E' Width='50'/>
      <C Name='F' Width='50'/>
      <C Name='G' Width='50'/>
      <C Name='H' Width='50' CanEdit='0'/>
      <C Name='I' Width='50' CanEdit='0'/>
</Cols>
<RightCols>
		<C Name='C' Width='40'/>
      <C Name='D' Width='40'/>
</RightCols>
<Head>
   <Header Spanned='1'
      AVisible='-1' BVisible='-1' CVisible='-1' DVisible='-1'
      ESpan='5' E='&lt;b style="color:yellow;">TreeGrid Example&lt;/b>' EAlign='Center' EType='Html' EButton=''
      />
   <Header Spanned='1' 
      ASpan='2' A='&lt;i>Left columns&lt;/i>' AType='Html'
      CSpan='2' C='&lt;i>Right columns&lt;/i>' CAlign='Right' CType='Html'
      ESpan='3' E='&lt;i>Editable columns&lt;/i>' EAlign='Center' EType='Html'
      HSpan='2' H='&lt;i>Non editable columns&lt;/i>' HAlign='Center' HType='Html'
      />
   <Header id='Header'/>
</Head>
<Foot>
   <Header A='1' B='2' E='3' F='4' G='5' H='6' I='7' C='8' D='9'/>
</Foot>
<Body>
<B>
<I/>
<I/>
<I/>
</B>
</Body>
</Grid>