<Grid>
<Cfg id='Expert1' Sorting='0'/>
<Def>
   <D Name='C' Width='25'/>
</Def>
<Cols>
      <C Name='A' Group='1'/>
      <C Name='B' Group='1'/>
      <C Name='C' Group='1'/>
      <C Name='D' Group='1'/>
      <C Name='E' Group='1'/>
      <C Name='F'/>
      <C Name='G' Group='2'/>
      <C Name='H' Group='2'/>
      <C Name='I' Group='2'/>
      <C Name='J'/>
</Cols>
<Body>
<B>
<I A='A' B='B' C='C' D='D' E='E' F='F' G='G' H='H' I='I' J='J'/>
<I Spanned='1' ASpan='5' GSpan='2' A='A' B='B' C='C' D='D' E='E' F='F' G='G' H='H' I='I' J='J'/>
<I Spanned='1' ASpan='5' HSpan='2' A='A' B='B' C='C' D='D' E='E' F='F' G='G' H='H' I='I' J='J'/>
<I Spanned='1' ASpan='5' AMerge='A,B,C,D,E' GSpan='3' A='A' B='B' C='C' D='D' E='E' F='F' G='G' H='H' I='I' J='J'/>
<I Spanned='1' ASpan='5' AMergeEdit='B' AMerge='B,C,D' A='A' B='B' C='C' D='D' E='E' F='F' G='G' H='H' I='I' J='J'/>
<I Spanned='1' ASpan='5' AMergeEdit='C' AMerge='B,C' GSpan='3' GMerge='G,H,I' A='A' B='B' C='C' D='D' E='E' F='F' G='G' H='H' I='I' J='J'/>
<I Spanned='1' ASpan='5' AMergeEdit='D' AMerge='A,B,C,D,E' AMergeType='2' GSpan='3' A='A' B='B' C='C' D='D' E='E' F='F' G='G' H='H' I='I' J='J'/>
<I Spanned='1' ASpan='5' AMergeEdit='D' AMerge='C,D,E' AMergeType='1' GSpan='3' GMerge='G,H' A='A' B='B' C='C' D='D' E='E' F='F' G='G' H='H' I='I' J='J'/>
</B>
</Body>
</Grid>