<Grid>
<Cfg id='Expert7Master' DetailOn='1' InEditMode='0' Dragging='0' UsePrefix='1'/>
<Cols>
<C Name='FirstName' Type='Text'/>
<C Name='Surname' Type='Text'/>
<C Name='Age' Type='Int'/>
<C Name='Married' Type='Bool'/>

<C Name='N' Type='Text' Visible='0' CanHide='0'/>
<C Name='V' Type='Text' Visible='0' CanHide='0'/>
</Cols>
<Def>
<D Name='Main' Detail='Expert7Detail' Expanded='0'
   FirstNameCopyTo='Child_FirstName,V'
   SurnameCopyTo='Child_Surname,V'
   AgeCopyTo='Child_Age,V'
   MarriedCopyTo='Child_Married,V'
   >
   <I Def='FirstName'/>
   <I Def='Surname'/>
   <I Def='Age'/>
   <I Def='Married'/>
   <I Def='Address'/>
   <I Def='Note'/>
</D>
<D Name='FirstName' N='FirstName' VCopyTo='Parent,FirstName' V=''/>
<D Name='Surname' N='Surname' V='' VCopyTo='Parent,Surname'/>
<D Name='Age' N='Age' V='' VType='Int' VClass='Text' VCopyTo='Parent,Age'/>
<D Name='Married' N='Married' V='' VType='Bool' VCopyTo='Parent,Married'/>
<D Name='Address' N='Address' V='' VType='Lines'/>
<D Name='Note' N='Note' V='' VType='Lines'/>
</Def>
<Header FirstName='First name'/>
<Root CDef='Main'/>
<Actions ClickButtonAdd='AddRowEnd'/>
<Body>
<B>
<I Def='Main' FirstName='James' Surname='Jackson' Age='24' Married='0'>
   <I Def='FirstName' V='James'/>
   <I Def='Surname' V='Jackson'/>
   <I Def='Age' V='24'/>
   <I Def='Married' V='0'/>
   <I Def='Address' V='3703 Tenth Ave, New York, NY 10034'/>
   <I Def='Note' V=''/>
</I>
<I Def='Main' FirstName='Daniel' Surname='Moore' Age='38' Married='1'>
   <I Def='FirstName' V='Daniel'/>
   <I Def='Surname' V='Moore'/>
   <I Def='Age' V='38'/>
   <I Def='Married' V='1'/>
   <I Def='Address' V='11525 Del Amo Blvd., Cerritos, CA 90703'/>
   <I Def='Note' V=''/>
</I>
<I Def='Main' FirstName='Lisa' Surname='Moore' Age='12' Married='0'>
   <I Def='FirstName' V='Lisa'/>
   <I Def='Surname' V='Lee'/>
   <I Def='Age' V='12'/>
   <I Def='Married' V='0'/>
   <I Def='Address' V='11525 Del Amo Blvd., Cerritos, CA 90703'/>
   <I Def='Note' V='Daniel&apos;s daughter'/>
</I>
<I Def='Main' FirstName='Nancy' Surname='Allen' Age='65' Married='1'>
   <I Def='FirstName' V='Nancy'/>
   <I Def='Surname' V='Allen'/>
   <I Def='Age' V='65'/>
   <I Def='Married' V='1'/>
   <I Def='Address' V='701 Howard Road SE, Washington, DC 20020'/>
   <I Def='Note' V=''/>
</I>
</B>
</Body>
</Grid>