<Grid>
<Cfg id='Expert6' MainCol='A' ResizingMain='3'/>
<LeftCols>
   <C Name='A' Width='50'/>
</LeftCols>
<Cols>
   <C Name='B' Width='25'/>
   <C Name='C' RelWidth='60' MinWidth='50'/>
   <C Name='D' Width='20'/>
   <C Name='E' RelWidth='40'/>
</Cols>
<RightCols>
   <C Name='F' Width='20'/>
</RightCols>
<Header NoEscape='1' A='50' B='25' C='60%' D='20' E='40%' F='20'/>
<Head>
   <I RelHeight='10' LeftHtml='' MidHtml='&lt;center>10%&lt;/center>' RightHtml=''/>
   <I/>
   <I RelHeight='10' Class='' MinHeight='20' C='&lt;center>10%, min 20px&lt;/center>' CType='Html'/>
</Head>
<Body>
<B>
<I>
   <I/>
   <I/>
   <I/>
</I>
</B>
</Body>
<Foot>
<I Kind='Space' RelHeight='80' Html='&lt;center>&lt;b>80%&lt;/b>&lt;/center>'/>
<I/>
</Foot>
</Grid>