<Grid>
<Cfg id='Features1' Sorted='1' Sort='D,-E,A' SortIcons='1'/>
<Cols>
      <C Name='A' Type='Text' Width='49'/>
      <C Name='B' Type='Text' Width='49' CaseSensitive='0'/>
      <C Name='C' Type='Text' Width='49' WhiteChars=' '/>
      <C Name='D' Type='Text' Width='49' CaseSensitive='0' WhiteChars=' _'/>
      <C Name='E' Type='Int' Width='49'/>
</Cols>
<Body>
<B>
<I A='Top' B='ZZZ' C='AAA' D='AAA' E='ZZZ' EType='Text' SortPos='1'/>   
<I A='Second' B='AAA' C='ZZZ' D='AAA' E='ZZZ' EType='Text' SortPos='2'/>   
<I A='AAA1' B='AAA1' C='AAA1' D='AAA1' E='AAA1' EType='Text'/>
<I A='BBB2' B='BBB2' C='BBB2' D='BBB2' E='BBB2' EType='Text'/>
<I A='aaa3' B='aaa3' C='aaa3' D='aaa3' E='aaa3' EType='Text'/>
<I A='bbb5' B='bbb4' C='bbb3' D='bbb2' E='bbb1' EType='Text'/>
<I A='bbb1' B='bbb2' C='bbb3' D='bbb4' E='bbb5' EType='Text'/>
<I A='  aaa5' B='  aaa5' C='  aaa5' D='  aaa5' E='  aaa5' EType='Text'/>
<I A=' bbb6' B=' bbb6' C=' bbb6' D=' bbb6' E=' bbb6' EType='Text'/>
<I A='_a_a_a7' B='_a_a_a7' C='_a_a_a7' D='_a_a_a7' E='_a_a_a7' EType='Text'/>
<I A='_aaa8' B='_aaa8' C='_aaa8' D='_aaa8' E='_aaa8' EType='Text'/>
<I A='10' AType='Int' B='10' BType='Int' C='10' CType='Int' D='10' DType='Int' E='10'/>
<I A='20' AType='Int' B='20' BType='Int' C='20' CType='Int' D='20' DType='Int' E='20'/>
<I A='100' AType='Int' B='100' BType='Int' C='100' CType='Int' D='100' DType='Int' E='100'/>
<I A='200' AType='Int' B='200' BType='Int' C='200' CType='Int' D='200' DType='Int' E='200'/>
<I A='Bottom' B='ZZZ' C='AAA' D='AAA' E='ZZZ' EType='Text' SortPos='-1'/>
</B>
</Body>
</Grid>