<Grid>
<Cfg id='Features3' GroupMain='A' Group='C'/>
<Cols>
      <C Name='A' Width='110'/>
      <C Name='B' Type='Int' Width='40'/>
      <C Name='C' Type='Float' Width='60'/>
      <C Name='D' Type='Date'  Width='100'/>
      <C Name='E' Type='Enum' Enum='|alfa|beta|gama|delta'  Width='60'/>
</Cols>
<Def>
   <D Name='Group'
      ACanEdit='1' 
      Calculated='1' CalcOrder='B'  BFormula='sum()' 
      CVisible='0' DVisible='0' EVisible='0'
   />
</Def>
<Head>
	<I Kind='Group' 
      List='|None|By A|By A &amp;amp; B|By C' 
      ListCustom='Custom'
      ListWidth='70' 
      Cols='||A|A,B|C'
      Custom='1'
   />
</Head>
<Body>
<B>
	<I A='One' B='1' C='1.0' D='1/1/2000' E='0'/>
	<I A='One' B='1' C='1.0' D='1/11/2000' E='1'/>
	<I A='One' B='2' C='2.0' D='6/3/1999' E='3'/>
	<I A='Two' B='1' C='7' D='12/31/2006' E='2'/>
	<I A='Two' B='1' C='7' D='5/15/2005' E='1'/>
   <I A='Three' B='1' C='12' D='3/7/2002' E='1'/>
	<I A='Four' B='1' C='12' D='8/21/2002' E='1'/>
	<I A='Four' B='2' C='1.0' D='7/12/2003' E='3'/>
	<I A='Four' B='3' C='1.0' D='5/25/2006' E='0'/>
	<I A='Five' B='1' C='1.0' D='3/17/2100' E='2'/>
</B>
</Body>
</Grid>