<Grid>
<Cfg id='Id5' IdNames='N,S,U' IdChars='01234567890' NumberId='1' CaseSensitiveId='0'/>
<LeftCols>
   <C Name='id' CanEdit='0' Width='90'/>
</LeftCols>
<Cols>
   <C Name='N' Width='40'/>
   <C Name='S' Width='55'/>
   <C Name='U' Type='Int' Width='45'/>
   <C Name='A' Width='30'/>
</Cols>
<Header id='Gen id' N='Name' S='Surname' U='Unique' A='Tmp'/>
<Body>
<B>
<I N='David' S='Smith' U='1' A='Val1'/>
<I N='David' S='Smith' U='2' A='Va2'/>
<I N='Linda' S='Hall' U='1' A='Val3'/>
<I N='Adam' S='Clark' U='1' A='Val4'/>
<I N='David' S='Lewis' U='1' A='Val5'/>
<I N='Jan' S='Rodriguez' U='1' A='Val6'/>
<I N='Linda' S='Lewis' U='1' A='Val7'/>
<I N='Linda' S='Hall' U='2' A='Val8'/>
<I N='Linda' S='Hall' U='3' A='Val9'/>
</B>
</Body>
<Toolbar Sort='0' Calc='0' Help='0' />
</Grid>