<Grid>
   <IO Result='0' Message='Uploaded successfully. See ids if and how changed&#x0a;Remember, as server response is used static file,&#x0a; so the returned ids are NOT UNIQUE.&#x0a;&#x0a;(Remember it is just simulation,&#x0a;no changes are saved to data sources)'/>
   <Changes>
      <I id='_' U='ServerId1' Changed='1'/>
      <I id='A' U='ServerId2' Changed='1'/>
      <I id='B' U='ServerId3' Changed='1'/>
      <I id='C' U='ServerId4' Changed='1'/>
      <I id='D' U='ServerId5' Changed='1'/>
      <I id='E' U='ServerId6' Changed='1'/>
   </Changes>
</Grid>