<Grid>
   <Cfg id="Flash" MaxHeight='1' MainCol='Number' StandardFilter="2"/>
   <Cols>
      <C Name="Number" Type="Int" Width='100'/>
      <C Name="Flash" Type='Html' Width="250" CanEdit="0" CanSort="0" ShowHint="0" FocusCell="Border,Color"/>
   </Cols>
   <Def>
      <D Name="R" FlashClassInner="none" Calculated="1" Flash="***"
         NumberFormula="Row.firstChild ? sum() : Row.Number" NumberCanEdit="1"
         />
   </Def>
   <Panel Move='1' Select='0'/>
   <Header Flash='Dynamic Flash object with HTML text'/>
   <Head>
      <Filter FlashCanEdit='0' Flash='' Calculated='0'/>
   </Head>
   <Body>
      <B>
         <I>
            <I Number='67'/>
            <I>
               <I Number='100'/>
               <I Number='20'/>
               <I Number='13'/>
            </I>
         </I>
         <I>
            <I Number='10'/>
            <I Number='20'/>
         </I>
         <I Number='56'/>
         <I Number='89'/>
         <I>
            <I Number='33'/>
            <I Number='-9'/>
         </I>
         <I Number='156'/>
         <I Number='43'/>
         <I Number='245'/>
         <I Number='140'/>
         <I>
            <I Number='33'/>
         </I>
      </B>
   </Body>
   <Toolbar Print='0'/>
</Grid>