<Grid>
   <Cfg id='Schools' MainCol='CName' Selecting='0' Dragging='0'
      ConstHeight='1' MaxHeight='1' PageLength='40' ChildPaging='3' ChildPartMin='10'
      NoFormatEscape='1' DateStrings='1' AcceptEnters='1' FilterEmpty='1'
      IdNames='CUser,Def,Ident' IdChars='0123456789'
      ExpandAllLoaded='1' IndexEnum='1'
      />
   <Panel VisibleLap='1'/>
   <LeftCols>
      <C Name='CName' Type='Text' Width='250' CanGroup='0'/>
   </LeftCols>
   <Cols>
      <C Name='CCountry' Type='Enum' Refresh='CState,CCounty' Group='1' Width='85'
   Enum=';Canada;United States'/>
      <C Name='CState' Type='Enum' Related='CCountry' Refresh='CCounty' Group='1' Width='105' IntFormat='Unknown'
   Enum0=';Alberta;British Columbia;Manitoba;New Brunswick;Newfoundland and Labrador;Nova Scotia;Nunavut Territory;Northwest Territories;Ontario;Prince Edward Island;Quebec;Saskatchewan;Yukon Territory'
   Enum1=';Alabama;Alaska;Arkansas;Arizona;California;Colorado;Connecticut;Delaware;District Of Columbia;Florida;Georgia;Hawaii;Idaho;Illinois;Indiana;Iowa;Kansas;Kentucky;Louisiana;Maine;Maryland;Massachusetts;Michigan;Minnesota;Mississippi;Missouri;Montana;Nebraska;Nevada;New Hampshire;New Jersey;New Mexico;New York;North Carolina;North Dakota;Ohio;Oklahoma;Oregon;Pennsylvainia;Rhode Island;South Carolina;South Dakota;Tennessee;Texas;Utah;Vermont;Virginia;Washington;West Virginia;Wisconsin;Wyoming'/>
      <C Name='CCounty' Type='Enum' Related='CCountry,CState' Group='1' Width='85' IntFormat='Unknown'
   Enum1_0=';Autauga;Baldwin;Barbour;Bibb;Blount;Bullock;Butler;Calhoun;Chambers;Cherokee;Chilton;Choctaw;Clarke;Clay;Cleburne;Coffee;Colbert;Conecuh;Coosa;Covington;Crenshaw;Cullman;Dale;Dallas;Dekalb;Elmore;Escambia;Etowah;Fayette;Franklin;Geneva;Greene;Hale;Henry;Houston;Jackson;Jefferson;Lamar;Lauderdale;Lawrence;Lee;Limestone;Lowndes;Macon;Madison;Marengo;Marion;Marshall;Mobile;Monroe;Montgomery;Morgan;Perry;Pickens;Pike;Randolph;Russell;Shelby;St Clair;Sumter;Talladega;Tallapoosa;Tuscaloosa;Walker;Washington;Wilcox;Winston'
   Enum1_1=';Aleutians East;Aleutians West;Anchorage;Bethel;Bristol Bay;Denali;Dillingham;Fairbanks North Star;Haines;Juneau;Kenai Peninsula;Ketchikan Gateway;Kodiak Island;Lake and Peninsula;Matanuska-Susitna;Nome;North Slope;Northwest Arctic;Prince of Wales-Outer Ketchikan;Sitka;Skagway-Yakutat-Angoon;Southeast Fairbanks;Valdez-Cordova;Wade Hampton;Wrangel-Petersburg;Yakutat;Yukon-Koyukuk'
   Enum1_2=';Arkansas;Ashley;Baxter;Benton;Boone;Bradley;Calhoun;Carroll;Chicot;Clark;Clay;Cleburne;Cleveland;Columbia;Conway;Craighead;Crawford;Crittenden;Cross;Dallas;Desha;Drew;Faulkner;Franklin;Fulton;Garland;Grant;Greene;Hempstead;Hot Spring;Howard;Independence;Izard;Jackson;Jefferson;Johnson;Lafayette;Lawrence;Lee;Lincoln;Little River;Logan;Lonoke;Madison;Marion;Miller;Mississippi;Monroe;Montgomery;Nevada;Newton;Ouachita;Perry;Phillips;Pike;Poinsett;Polk;Pope;Prairie;Pulaski;Randolph;Saint Francis;Saline;Scott;Searcy;Sebastian;Sevier;Sharp;Stone;Union;Van Buren;Washington;White;Woodruff;Yell'
   Enum1_3=';Apache;Cochise;Coconino;Gila;Graham;Greenlee;La Paz;Maricopa;Mohave;Navajo;Pima;Pinal;Santa Cruz;Yavapai;Yuma'
   Enum1_4=';Alameda;Alpine;Amador;Butte;Calaveras;Colusa;Contra Costa;Del Norte;El Dorado;Fresno;Glenn;Humboldt;Imperial;Inyo;Kern;Kings;Lake;Lassen;Los Angeles;Madera;Marin;Mariposa;Mendocino;Merced;Modoc;Mono;Monterey;Napa;Nevada;Orange;Placer;Plumas;Riverside;Sacramento;San Benito;San Bernardino;San Diego;San Francisco;San Joaquin;San Luis Obispo;San Mateo;Santa Barbara;Santa Clara;Santa Cruz;Shasta;Sierra;Siskiyou;Solano;Sonoma;Stanislaus;Sutter;Tehama;Trinity;Tulare;Tuolumne;Ventura;Yolo;Yuba'
   Enum1_5=';Adams;Alamosa;Arapahoe;Archuleta;Baca;Bent;Boulder;Broomfield;Chaffee;Cheyenne;Clear Creek;Conejos;Costilla;Crowley;Custer;Delta;Denver;Dolores;Douglas;Eagle;El Paso;Elbert;Fremont;Garfield;Gilpin;Grand;Gunnison;Hinsdale;Huerfano;Jackson;Jefferson;Kiowa;Kit Carson;La Plata;Lake;Larimer;Las Animas;Lincoln;Logan;Mesa;Mineral;Moffat;Montezuma;Montrose;Morgan;Otero;Ouray;Park;Phillips;Pitkin;Prowers;Pueblo;Rio Blanco;Rio Grande;Routt;Saguache;San Juan;San Miguel;Sedgwick;Summit;Teller;Washington;Weld;Yuma'
   Enum1_6=';Fairfield;Hartford;Litchfield;Middlesex;New Haven;New London;Tolland;Windham'
   Enum1_7=';Kent;New Castle;Sussex'
   Enum1_8=';Washington'
   Enum1_9=';Alachua;Baker;Bay;Bradford;Brevard;Broward;Calhoun;Charlotte;Citrus;Clay;Collier;Columbia;De Soto;Dixie;Duval;Escambia;Flagler;Franklin;Gadsden;Gilchrist;Glades;Gulf;Hamilton;Hardee;Hendry;Hernando;Highlands;Hillsborough;Holmes;Indian River;Jackson;Jefferson;Lafayette;Lake;Lee;Leon;Levy;Liberty;Madison;Manatee;Marion;Martin;Miami-Dade;Monroe;Nassau;Okaloosa;Okeechobee;Orange;Osceola;Palm Beach;Pasco;Pinellas;Polk;Putnam;Santa Rosa;Sarasota;Seminole;St. Johns;St. Lucie;Sumter;Suwannee;Taylor;Union;Volusia;Wakulla;Walton;Washington'
   Enum1_10=';Appling;Atkinson;Bacon;Baker;Baldwin;Banks;Barrow;Bartow;Ben Hill;Berrien;Bibb;Bleckley;Brantley;Brooks;Bryan;Bullock;Burke;Butts;Calhoun;Camden;Candler;Carroll;Catoosa;Charlton;Chatahoochee;Chatham;Chattooga;Cherokee;Clarke;Clay;Clayton;Clinch;Cobb;Coffee;Colquitt;Columbia;Cook;Coweta;Crawford;Crisp;Dade;Dawson;De Kalb;Decatur;Dodge;Dooly;Dougherty;Douglas;Early;Echols;Effingham;Elbert;Emanuel;Evans;Fannin;Fayette;Floyd;Forsyth;Franklin;Fulton;Gilmer;Glascock;Glynn;Gordon;Grady;Greene;Gwinnett;Habersham;Hall;Hancock;Haralson;Harris;Hart;Heard;Henry;Houston;Irwin;Jackson;Jasper;Jeff Davis;Jefferson;Jenkins;Johnson;Jones;Lamar;Lanier;Laurens;Lee;Liberty;Lincoln;Long;Lowndes;Lumpkin;Macon;Madison;Marion;Mcduffie;Mcintosh;Meriwether;Miller;Mitchell;Monroe;Montgomery;Morgan;Murray;Muscogee;Newton;Oconee;Oglethorpe;Paulding;Peach;Pickens;Pierce;Pike;Polk;Pulaski;Putnam;Quitman;Rabun;Randolph;Richmond;Rockdale;Schley;Screven;Seminole;Spalding;Stephens;Stewart;Sumter;Talbot;Taliaferro;Tattnall;Taylor;Telfair;Terrell;Thomas;Tift;Toombs;Towns;Treutlen;Troup;Turner;Twiggs;Union;Upson;Walker;Walton;Ware;Warren;Washington;Wayne;Webster;Wheeler;White;Whitfield;Wilcox;Wilkes;Wilkinson;Worth'
   Enum1_11=';Hawaii;Honolulu;Kalawao;Kauai;Maui'
   Enum1_12=';Ada;Adams;Bannock;Bear Lake;Benewah;Bingham;Blaine;Boise;Bonner;Bonneville;Boundary;Butte;Camas;Canyon;Caribou;Cassia;Clark;Clearwater;Custer;Elmore;Franklin;Fremont;Gem;Gooding;Idaho;Jefferson;Jerome;Kootenai;Latah;Lemhi;Lewis;Lincoln;Madison;Minidoka;Nez Perce;Oneida;Owyhee;Payette;Power;Shoshone;Teton;Twin Falls;Valley;Washington'
   Enum1_13=';Adams;Alexander;Bond;Boone;Brown;Bureau;Calhoun;Carroll;Cass;Champaign;Christian;Clark;Clay;Clinton;Coles;Cook;Crawford;Cumberland;De Kalb;De Witt;Douglas;Du Page;Edgar;Edwards;Effingham;Fayette;Ford;Franklin;Fulton;Gallatin;Greene;Grundy;Hamilton;Hancock;Hardin;Henderson;Henry;Iroquois;Jackson;Jasper;Jefferson;Jersey;Jo Daviess;Johnson;Kane;Kankakee;Kendall;Knox;La Salle;Lake;Lawrence;Lee;Livingston;Logan;Macon;Macoupin;Madison;Marion;Marshall;Mason;Massac;Mc Donough;Mc Henry;Mc Lean;Menard;Mercer;Monroe;Montgomery;Morgan;Moultrie;Ogle;Peoria;Perry;Piatt;Pike;Pope;Pulaski;Putnam;Randolph;Richland;Rock Island;Saline;Sangamon;Schuyler;Scott;Shelby;St Clair;Stark;Stephenson;Tazewell;Union;Vermilion;Wabash;Warren;Washington;Wayne;White;Whiteside;Will;Williamson;Winnebago;Woodford'
   Enum1_14=';Adams;Allen;Bartholomew;Benton;Blackford;Boone;Brown;Carroll;Cass;Clark;Clay;Clinton;Crawford;Daviess;De Kalb;Dearborn;Decatur;Delaware;Dubois;Elkhart;Fayette;Floyd;Fountain;Franklin;Fulton;Gibson;Grant;Greene;Hamilton;Hancock;Harrison;Hendricks;Henry;Howard;Huntington;Jackson;Jasper;Jay;Jefferson;Jennings;Johnson;Knox;Kosciusko;La Porte;Lagrange;Lake;Lawrence;Madison;Marion;Marshall;Martin;Miami;Monroe;Montgomery;Morgan;Newton;Noble;Ohio;Orange;Owen;Parke;Perry;Pike;Porter;Posey;Pulaski;Putnam;Randolph;Ripley;Rush;Scott;Shelby;Spencer;St Joseph;Starke;Steuben;Sullivan;Switzerland;Tippecanoe;Tipton;Union;Vanderburgh;Vermillion;Vigo;Wabash;Warren;Warrick;Washington;Wayne;Wells;White;Whitley'
   Enum1_15=';Adair;Adams;Allamakee;Appanoose;Audubon;Benton;Blackhawk;Boone;Bremer;Buchanan;Buena Vista;Butler;Calhoun;Carroll;Cass;Cedar;Cerro Gordo;Cherokee;Chickasaw;Clarke;Clay;Clayton;Clinton;Crawford;Dallas;Davis;Decatur;Delaware;Des Monies;Dickinson;Dubuque;Emmet;Fayette;Floyd;Franklin;Fremont;Greene;Grundy;Guthrie;Hamilton;Hancock;Hardin;Harrison;Henry;Howard;Humboldt;Ida;Iowa;Jackson;Jasper;Jefferson;Johnson;Jones;Keokuk;Kossuth;Lee;Linn;Louisa;Lucas;Lyon;Madison;Mahaska;Marion;Marshall;Mills;Mitchell;Monona;Monroe;Montgomery;Muscatine;O&apos;brien;Osceola;Page;Palo Alto;Plymouth;Pocahontas;Polk;Pottawattamie;Poweshiek;Ringgold;Sac;Scott;Shelby;Sioux;Story;Tama;Taylor;Union;Van Buren;Wapello;Warren;Washington;Wayne;Webster;Winnebago;Winneshiek;Woodbury;Worth;Wright'
   Enum1_16=';Allen;Anderson;Atchison;Barber;Barton;Bourbon;Brown;Butler;Chase;Chautauqua;Cherokee;Cheyenne;Clark;Clay;Cloud;Coffey;Comanche;Cowley;Crawford;Decatur;Dickinson;Doniphan;Douglas;Edwards;Elk;Ellis;Ellsworth;Finney;Ford;Franklin;Geary;Gove;Graham;Grant;Gray;Greeley;Greenwood;Hamilton;Harper;Harvey;Haskell;Hodgeman;Jackson;Jefferson;Jewell;Johnson;Kearny;Kingman;Kiowa;Labette;Lane;Leavenworth;Lincoln;Linn;Logan;Lyon;Marion;Marshall;Mcpherson;Meade;Miami;Mitchell;Montgomery;Morris;Morton;Nemaha;Neosho;Ness;Norton;Osage;Osborne;Ottawa;Pawnee;Phillips;Pottawatomie;Pratt;Rawlins;Reno;Republic;Rice;Riley;Rooks;Rush;Russell;Saline;Scott;Sedgwick;Seward;Shawnee;Sheridan;Sherman;Smith;Stafford;Stanton;Stevens;Sumner;Thomas;Trego;Wabaunsee;Wallace;Washington;Wichita;Wilson;Woodson;Wyandotte'
   Enum1_17=';Adair;Allen;Anderson;Ballard;Barren;Bath;Bell;Boone;Bourbon;Boyd;Boyle;Bracken;Breathitt;Breckinridge;Bullit;Butler;Caldwell;Calloway;Campbell;Carlisle;Carroll;Carter;Casey;Christian;Clark;Clay;Clinton;Crittenden;Cumberland;Daviess;Edmonson;Elliot;Estill;Fayette;Fleming;Floyd;Franklin;Fulton;Gallatin;Garrard;Grant;Graves;Grayson;Green;Greenup;Hancock;Hardin;Harlan;Harrison;Hart;Henderson;Henry;Hickman;Hopkins;Jackson;Jefferson;Jessamine;Johnson;Kenton;Knott;Knox;Larue;Laurel;Lawrence;Lee;Leslie;Letcher;Lewis;Lincoln;Livingston;Logan;Lyon;Madison;Magoffin;Marion;Marshall;Martin;Mason;Mccracken;Mccreary;Mclean;Meade;Menifee;Mercer;Metcalfe;Monroe;Montgomery;Morgan;Muhlenberg;Nelson;Nicholas;Ohio;Oldham;Owen;Owsley;Pendleton;Perry;Pike;Powell;Pulaski;Robertson;Rockcastle;Rowan;Russell;Scott;Shelby;Simpson;Spencer;Taylor;Todd;Trigg;Trimble;Union;Warren;Washington;Wayne;Webster;Whitley;Wolfe;Woodford'
   Enum1_18=';Acadia;Allen;Ascension;Assumption;Avoyelles;Beauregard;Bienville;Bossier;Caddo;Calcasieu;Caldwell;Cameron;Catahoula;Claiborne;Concordia;De Soto;East Baton Rouge;East Carroll;East Feliciana;Evangeline;Franklin;Grant;Iberia;Iberville;Jackson;Jefferson;Jefferson Davis;La Salle;Lafayette;Lafourche;Lincoln;Livingston;Madison;Morehouse;Natchitoches;Orleans;Ouachita;Plaquemines;Point Coupee;Rapides;Red River;Richland;Sabine;St. Bernard;St. Charles;St. Helena;St. James;St. John The Baptist;St. Landry;St. Martin;St. Mary;St. Tammany;Tangipahoa;Tensas;Terrebonne;Union;Vermilion;Vernon;Washington;Webster;West Baton Rouge;West Carroll;West Feliciana;Winn'
   Enum1_19=';Androscoggin;Aroostook;Cumberland;Franklin;Hancock;Kennebec;Knox;Lincoln;Oxford;Penobscot;Piscataquis;Sagadhoc;Somerset;Waldo;Washington;York'
   Enum1_20=';Allegeny;Anne Arundel;Baltimore;Baltimore City;Calvert;Caroline;Carroll;Cecil;Charles;Dorchester;Frederick;Garrett;Harford;Howard;Kent;Montgomery;Prince George&apos;s;Queen Anne&apos;s;Somerset;St. Mary&apos;s;Talbot;Washington;Wicomico;Worcester'
   Enum1_21=';Barnstable;Berkshire;Bristol;Dukes;Essex;Franklin;Hampden;Hampshire;Middlesex;Nantucket;Norfolk;Plymouth;Suffolk;Worcester'
   Enum1_22=';Alcona;Alger;Allegan;Alpena;Antrim;Arenac;Baraga;Barry;Bay;Benzie;Berrien;Branch;Calhoun;Cass;Charlevoix;Cheboygan;Chippewa;Clare;Clinton;Crawford;Delta;Dickinson;Eaton;Emmet;Genesee;Gladwin;Gogebic;Grand Traverse;Gratiot;Hillsdale;Houghton;Huron;Ingham;Ionia;Iosco;Iron;Isabella;Jackson;Kalamazoo;Kalkaska;Kent;Keweenaw;Lake;Lapeer;Leelanau;Lenawee;Livingston;Luce;Mackinac;Macomb;Manistee;Marquette;Mason;Mecosta;Menominee;Midland;Missaukee;Monroe;Montcalm;Montmorency;Muskegon;Newaygo;Oakland;Oceana;Ogemaw;Ontonagon;Osceola;Oscoda;Otsego;Ottawa;Presque Isle;Roscommon;Saginaw;Sanilac;Schoolcraft;Shiawassee;St. Clair;St. Joseph;Tuscola;Van Buren;Washtenaw;Wayne;Wexford'
   Enum1_23=';Aitkin;Anoka;Becker;Beltrami;Benton;Big Stone;Blue Earth;Brown;Carlton;Carver;Cass;Chippewa;Chisago;Clay;Clearwater;Cook;Cottonwood;Crow Wing;Dakota;Dodge;Douglas;Faribault;Fillmore;Freeborn;Goodhue;Grant;Hennepin;Houston;Hubbard;Isanti;Itasca;Jackson;Kanabec;Kandiyohi;Kittson;Koochiching;Lac Qui Parle;Lake;Lake Of The Woods;Le Sueur;Lincoln;Lyon;Mahnomen;Marshall;Martin;Mcleod;Meeker;Mille Lacs;Morrison;Mower;Murray;Nicollet;Nobles;Norman;Olmsted;Otter Tail;Pennington;Pine;Pipestone;Polk;Pope;Ramsey;Red Lake;Redwood;Renville;Rice;Rock;Roseau;Scott;Sherburne;Sibley;St. Louis;Stearns;Steele;Stevens;Swift;Todd;Traverse;Wabasha;Wadena;Waseca;Washington;Watonwan;Wilkin;Winona;Wright;Yellow Medicine'
   Enum1_24=';Adams;Alcorn;Amite;Attala;Benton;Bolivar;Calhoun;Carroll;Chickasaw;Choctaw;Claiborne;Clarke;Clay;Coahoma;Copiah;Covington;De Soto;Forrest;Franklin;George;Greene;Grenada;Hancock;Harrison;Hinds;Holmes;Humphreys;Issaquena;Itawamba;Jackson;Jasper;Jefferson;Jefferson Davis;Jones;Kemper;Lafayette;Lamar;Lauderdale;Lawrence;Leake;Lee;Leflore;Lincoln;Lowndes;Madison;Marion;Marshall;Monroe;Montgomery;Neshoba;Newton;Noxubee;Oktibbeha;Panola;Pearl River;Perry;Pike;Pontotoc;Prentiss;Quitman;Rankin;Scott;Sharkey;Simpson;Smith;Stone;Sunflower;Tallahatchie;Tate;Tippah;Tishomingo;Tunica;Union;Walthall;Warren;Washington;Wayne;Webster;Wilkinson;Winston;Yalobusha;Yazoo'
   Enum1_25=';Adair;Andrew;Atchison;Audrain;Barry;Barton;Bates;Benton;Bollinger;Boone;Buchanan;Butler;Caldwell;Callaway;Camden;Cape Girardeau;Carroll;Carter;Cass;Cedar;Chariton;Christian;Clark;Clay;Clinton;Cole;Cooper;Crawford;Dade;Dallas;Daviess;Dekalb;Dent;Douglas;Dunklin;Franklin;Gasconade;Gentry;Greene;Grundy;Harrison;Henry;Hickory;Holt;Howard;Howell;Iron;Jackson;Jasper;Jefferson;Johnson;Knox;Laclede;Lafayette;Lawrence;Lewis;Lincoln;Linn;Livingston;Macon;Madison;Maries;Marion;Mcdonald;Mercer;Miller;Mississippi;Moniteau;Monroe;Montgomery;Morgan;New Madrid;Newton;Nodaway;Oregon;Osage;Ozark;Pemiscot;Perry;Pettis;Phelps;Pike;Platte;Polk;Pulaski;Putnam;Ralls;Randolph;Ray;Reynolds;Ripley;Saline;Schuyler;Scotland;Scott;Shannon;Shelby;St. Charles;St. Clair;St. Francois;St. Louis;St. Louis City;Ste. Genevieve;Stoddard;Stone;Sullivan;Taney;Texas;Vernon;Warren;Washington;Wayne;Webster;Worth;Wright'
   Enum1_26=';Anaconda - Deer Lodge;Beaverhead;Big Horn;Blaine;Broadwater;Carbon;Carter;Cascade;Chouteau;Custer;Daniels;Dawson;Fallon;Fergus;Flathead;Gallatin;Garfield;Glacier;Golden Valley;Granite;Hill;Jefferson;Judith Basin;Lake;Lewis And Clark;Liberty;Lincoln;Madison;Mccone;Meagher;Mineral;Missoula;Musselshell;Park;Petroleum;Phillips;Pondera;Powder River;Powell;Prairie;Ravalli;Richland;Roosevelt;Rosebud;Sanders;Sheridan;Silver Bow;Stillwater;Sweet Grass;Teton;Toole;Treasure;Valley;Wheatland;Wibaux;Yellowstone;Yellowstone National Park'
   Enum1_27=';Adams;Antelope;Arthur;Banner;Blaine;Boone;Box Butte;Boyd;Brown;Buffalo;Burt;Butler;Cass;Cedar;Chase;Cherry;Cheyenne;Clay;Colfax;Cuming;Custer;Dakota;Dawes;Dawson;Deuel;Dixon;Dodge;Douglas;Dundy;Fillmore;Franklin;Frontier;Furnas;Gage;Garden;Garfield;Gosper;Grant;Greeley;Hall;Hamilton;Harlan;Hayes;Hitchcock;Holt;Hooker;Howard;Jefferson;Johnson;Kearney;Keith;Keya Paha;Kimball;Knox;Lancaster;Lincoln;Logan;Loup;Madison;Mcpherson;Merrick;Morrill;Nance;Nemaha;Nuckolls;Otoe;Pawnee;Perkins;Phelps;Pierce;Platte;Polk;Red Willow;Richarson;Rock;Saline;Sarpy;Saunders;Scotts Bluff;Seward;Sheridan;Sherman;Sioux;Stanton;Thayer;Thomas;Thurston;Valley;Washington;Wayne;Webster;Wheeler;York'
   Enum1_28=';Carson City;Churchill;Clark;Douglas;Elko;Esmeralda;Eureka;Humboldt;Lander;Lincoln;Lyon;Mineral;Nye;Pershing;Storey;Washoe;White Pine'
   Enum1_29=';Belknap;Carroll;Cheshire;Coos;Grafton;Hillsborough;Merrimack;Rockingham;Strafford;Sullivan'
   Enum1_30=';Atlantic;Bergen;Burlington;Camden;Cape May;Cumberland;Essex;Gloucester;Hudson;Hunterdon;Mercer;Middlesex;Monmouth;Morris;Ocean;Passaic;Salem;Somerset;Sussex;Union;Warren'
   Enum1_31=';Bernalillo;Catron;Chaves;Cibola;Colfax;Curry;Debaca;Dona Ana;Eddy;Grant;Guadalupe;Harding;Hidalgo;Lea;Lincoln;Los Alamos;Luna;Mckinley;Mora;Otero;Quay;Rio Arriba;Roosevelt;San Juan;San Miguel;Sandoval;Santa Fe;Sierra;Socorro;Taos;Torrance;Union;Valencia'
   Enum1_32=';Albany;Allegany;Bronx;Broome;Cattaraugus;Cayuga;Chautauqua;Chemung;Chenango;Clinton;Columbia;Cortland;Delaware;Dutchess;Erie;Essex;Franklin;Fulton;Genesee;Greene;Hamilton;Herkimer;Jefferson;Kings;Lewis;Livingston;Madison;Monroe;Montgomery;Nassau;New York;Niagara;Oneida;Onondaga;Ontario;Orange;Orleans;Oswego;Otsego;Putnam;Queens;Rensselaer;Richmond;Rockland;Saratoga;Schenectady;Schoharie;Schuyler;Seneca;St. Lawrence;Steuben;Suffolk;Sullivan;Tioga;Tompkins;Ulster;Warren;Washington;Wayne;Westchester;Wyoming;Yates'
   Enum1_33=';Alamance;Alexander;Allegany;Anson;Ashe;Avery;Beaufort;Bertie;Bladen;Brunswick;Buncombe;Burke;Cabarrus;Caldwell;Camden;Carteret;Caswell;Catawba;Chatam;Cherokee;Chowan;Clay;Cleveland;Columbus;Craven;Cumberland;Currituck;Dare;Dave;Davidson;Duplin;Durham;Edgecombe;Forsyth;Franklin;Gaston;Gates;Graham;Granville;Greene;Guilford;Halifax;Harnett;Haywood;Henderson;Hertford;Hoke;Hyde;Iredell;Jackson;Johnson;Jones;Lee;Lenoir;Lincoln;Macon;Madison;Martin;Mcdowell;Mecklenburg;Mitchell;Montgomery;Moore;Nash;New Hanover;Northampton;Onslow;Orange;Pamlico;Pasquotank;Pender;Perquimans;Person;Pitt;Polk;Randolph;Richmond;Robeson;Rockingham;Rowan;Rutherford;Sampson;Scotland;Stanly;Stokes;Surry;Swain;Transylvania;Tyrrell;Union;Vance;Wake;Warren;Washington;Watauga;Wayne;Wilkes;Wilson;Yadkin;Yancey'
   Enum1_34=';Adams;Barnes;Benson;Billings;Bottineau;Bowman;Burke;Burleigh;Cass;Cavalier;Dickey;Divide;Dunn;Eddy;Emmons;Foster;Golden Valley;Grand Forks;Grant;Griggs;Hettinger;Kidder;La Moure;Logan;Mchenry;Mcintosh;Mckenzie;Mclean;Mercer;Morton;Mountrail;Nelson;Oliver;Pembina;Pierce;Ramsey;Ransom;Renville;Richland;Rolette;Sargent;Sheridan;Sioux;Slope;Stark;Steele;Stutsman;Towner;Traill;Walsh;Ward;Wells;Williams'
   Enum1_35=';Adams;Allen;Ashland;Ashtabula;Athens;Auglaize;Belmont;Brown;Butler;Carroll;Champaign;Clark;Clermont;Clinton;Columbiana;Coshocton;Crawford;Cuyahoga;Darke;Defiance;Delaware;Erie;Fairfield;Fayette;Franklin;Fulton;Gallia;Geauga;Greene;Guernsey;Hamilton;Hancock;Hardin;Harrison;Henry;Highland;Hocking;Holmes;Huron;Jackson;Jefferson;Knox;Lake;Lawrence;Licking;Logan;Lorain;Lucas;Madison;Mahoning;Marion;Medina;Meigs;Mercer;Miami;Monroe;Montgomery;Morgan;Morrow;Muskingum;Noble;Ottawa;Paulding;Perry;Pickaway;Pike;Portage;Preble;Putnam;Richland;Ross;Sandusky;Scioto;Seneca;Shelby;Stark;Summit;Trumbull;Tuscarawas;Union;Van Wert;Vinton;Warren;Washington;Wayne;Williams;Wood;Wyandot'
   Enum1_36=';Adair;Alfalfa;Atoka;Beaver;Beckham;Blaine;Bryan;Caddo;Canadian;Carter....;Cherokee;Choctaw;Cimarron;Cleveland;Coal;Commanche;Cotton;Craig;Creek;Custer......;Delaware;Dewey;Ellis;Garfield;Garvin;Grady;Grant;Greer;Harmon;Harper......;Haskell;Hughes;Jackson;Jefferson;Johnston;Kay;Kingfisher;Kiowa;Latimer;Le Flore......;Lincoln;Logan;Love;Major;Marshall;Mayes;Mcclain;Mccurtain;Mcintosh;Murray......;Muskogee;Noble;Nowata;Okfuskee;Oklahoma;Okmulgee;Osage;Ottawa;Pawnee;Payne....;Pittsburg;Pontotoc;Pottawatomie;Pushmataha;Roger Mills;Rogers;Seminole;Sequoyah;Stephens;Texas........;Tillman;Tulsa;Wagoner;Washington;Washita;Woods;Woodward'
   Enum1_37=';Baker;Benton;Clackamas;Clatsop;Columbia;Coos;Crook;Curry;Deschutes;Douglas;Gilliam;Grant;Harney;Hood River;Jackson;Jefferson;Josephine;Klamath;Lake;Lane;Lincoln;Linn;Malheur;Marion;Morrow;Multnomah;Polk;Sherman;Tillamook;Umatilla;Union;Wallowa;Wasco;Washington;Wheeler;Yamhill'
   Enum1_38=';Adams;Allegheny;Armstrong;Beaver;Bedford;Berks;Blair;Bradford;Bucks;Butler;Cambria;Cameron;Carbon;Centre;Chester;Clarion;Clearfield;Clinton;Columbia;Crawford;Cumberland;Dauphin;Delaware;Elk;Erie;Fayette;Forest;Franklin;Fulton;Greene;Huntingdon;Indiana;Jefferson;Juniata;Lackawanna;Lancaster;Lawrence;Lebanon;Lehigh;Luzerne;Lycoming;Mckean;Mercer;Mifflin;Monroe;Montgomery;Montour;Northampton;Northumberland;Perry;Philadelphia;Pike;Potter;Schuylkill;Snyder;Somerset;Sullivan;Susquehanna;Tioga;Union;Venango;Warren;Washington;Wayne;Westmoreland;Wyoming;York'
   Enum1_39=';Bristol;Kent;Newport;Providence;Washington'
   Enum1_40=';Abbeville;Aiken;Allendale;Anderson;Bamberg;Barnwell;Beaufort;Berkeley;Calhoun;Charleston;Cherokee;Chester;Chesterfield;Clarendon;Colleton;Darlington;Dillon;Dorchester;Edgefield;Fairfield;Florence;Georgetown;Greenville;Greenwood;Hampton;Horry;Jasper;Kershaw;Lancaster;Laurens;Lee;Lexington;Marion;Marlboro;Mccormick;Newberry;Oconee;Orangeburg;Pickens;Richland;Saluda;Spartanburg;Sumter;Union;Williamsburg;York'
   Enum1_41=';Aurora;Beadle;Bennett;Bon Homme;Brookings;Brown;Brule;Buffalo;Butte;Campbell;Charles Mix;Clark;Clay;Codington;Corson;Custer;Davison;Day;Deuel;Dewey;Douglas;Edmunds;Fall River;Faulk;Grant;Gregory;Haakon;Hamlin;Hand;Hanson;Harding;Hughes;Hutchinson;Hyde;Jackson;Jerauld;Jones;Kingsbury;Lake;Lawrence;Lincoln;Lyman;Marshall;Mccook;Mcpherson;Meade;Mellette;Miner;Minnehaha;Moody;Pennington;Perkins;Potter;Roberts;Sanborn;Shannon;Spink;Stanley;Sully;Todd;Tripp;Turner;Union;Walworth;Yankton;Ziebach'
   Enum1_42=';Anderson;Bedford;Benton;Bledsoe;Blount;Bradley;Campbell;Cannon;Carroll;Carter;Cheatham;Chester;Claiborne;Clay;Cocke;Coffee;Crockett;Cumberland;Davidson;De Kalb;Decatur;Dickson;Dyer;Fayette;Fentress;Franklin;Gibson;Giles;Granger;Greene;Grundy;Hamblen;Hamilton;Hancock;Hardeman;Hardin;Hawkins;Haywood;Henderson;Henry;Hickman;Houston;Humphreys;Jackson;Jefferson;Johnson;Knox;Lake;Lauderdale;Lawrence;Lewis;Lincoln;Loudon;Macon;Madison;Marion;Marshall;Maury;Mcminn;Mcnairy;Meigs;Monroe;Montgomery;Moore;Morgan;Obion;Overton;Perry;Pickett;Polk;Putnam;Rhea;Roane;Robertson;Rutherford;Scott;Sequatchie;Sevier;Shelby;Smith;Stewart;Sullivan;Sumner;Tipton;Trousdale;Unicoi;Union;Van Buren;Warren;Washington;Wayne;Weakley;White;Williamson;Wilson'
   Enum1_43=';Anderson;Andrews;Angelina;Archer;Arkansas;Armstrong;Atascosa;Austin;Bailey;Bandera;Bastrop;Baylor;Bee;Bell;Bexar;Blanco;Bordon;Bosque;Bowie;Brazoria;Brazos;Brewster;Briscoe;Brooks;Brown;Burleson;Burnet;Caldwell;Calhoun;Callahan;Cameron;Camp;Carson;Cass;Castro;Chambers;Cherokee;Childress;Clay;Cochran;Coke;Coleman;Collin;Collingsworth;Colorado;Comal;Comanche;Concho;Cooke;Coryell;Cottle;Crane;Crockett;Crosby;Culberson;Dallam;Dallas;Dawson;De Witt;Deaf Smith;Delta;Denton;Dickens;Dimmit;Donley;Duval;Eastland;Ector;Edwards;El Paso;Ellis;Erath;Falls;Fannin;Fayette;Fisher;Floyd;Foard;Fort Bend;Franklin;Freestone;Frio;Gaines;Galveston;Garza;Gillespie;Glasscock;Goliad;Gonzales;Gray;Grayson;Gregg;Grimes;Guadalupe;Hale;Hall;Hamilton;Hansford;Hardemane;Hardin;Harris;Harrison;Hartley;Haskell;Hays;Hemphill;Henderson;Hidalgo;Hill;Hockley;Hood;Hopkins;Houston;Howard;Hudspeth;Hunt;Hutchinson;Iron;Jack;Jackson;Jasper;Jeff Davis;Jefferson;Jim Hogg;Jim Wells;Johnson;Jones;Karnes;Kaufman;Kendall;Kenedy;Kent;Kerr;Kimble;King;Kinney;Kleberg;Knox;LaSalle;Lamar;Lamb;Lampasas;Lavaca;Lee;Leon;Liberty;Limestone;Lipscomb;Live Oak;Llano;Loving;Lubbock;Lynn;Madison;Marion;Martin;Mason;Matagorda;Maverick;McCulloch;McLennan;McMullen;Medina;Menard;Midland;Milam;Mills;Mitchell;Montague;Montgomery;Moore;Morris;Motley;Nacogdoches;Navarro;Newton;Nolan;Nueces;Ochiltree;Oldham;Orange;Palo Pinto;Panola;Parker;Pamer;Pecos;Polk;Potter;Presidio;Rains;Randall;Reagan;Real;Red River;Reeves;Refugio;Roberts;Robertson;Rockwall;Runnels;Rusk;Sabine;San Augustine;San Jacinto;San Patricio;San Saba;Schleicher;Scurry;Shackelford;Shelby;Sherman;Smith;Somervell;Starr;Stephens;Sterling;Stonewall;Sutton;Swisher;Tarrant;Taylor;Terrell;Terry;Throckmorton;Titus;Tom Green;Travis;Trinity;Tyler;Upshur;Upton;Uvalde;Val Verde;Van Zandt;Victoria;Walker;Waller;Ward;Washington;Webb;Wharton;Wheeler;Wichita;Wilbarger;Willacy;Williamson;Wilson;Winkler;Wise;Wood;Yoakum;Young;Zapata;Zavala'
   Enum1_44=';Beaver;Box Elder;Cache;Carbon;Daggett;Davis;Duchesne;Emery;Garfield;Grand;Iron;Juab;Kane;Millard;Morgan;Piute;Rich;Salt Lake;San Juan;Sanpete;Sevier;Summit;Tooele;Uintah;Utah;Wasatch;Washington;Wayne;Weber'
   Enum1_45=';Addison;Bennington;Caledonia;Chittenden;Essex;Franklin;Grand Isle;Lamoille;Orange;Orleans;Rutland;Washington;Windham;Windsor'
   Enum1_46=';Accomack;Albemarle;Alexandria;Alleghany;Amelia;Amherst;Appomattox;Arlington;Augusta;Bath;Bedford;Bedford;Bland;Botetourt;Bristol;Brunswick;Buchanan;Buckingham;Buena Vista;Campbell;Caroline;Carroll;Charles City;Charlotte;Charlottesville;Chesapeake;Chesterfield;Clarke;Colonial Heights;Covington;Craig;Culpeper;Cumberland;Danville;Dickenson;Dinwiddie;Emporia;Essex;Fairfax;Fairfax;Falls Church;Fauquier;Floyd;Fluvanna;Franklin;Franklin;Frederick;Fredericksburg;Galax;Giles;Gloucester;Goochland;Grayson;Greene;Greensville;Halifax;Hampton;Hanover;Harrisonburg;Henrico;Henry;Highland;Hopewell;Isle of Wight;James City;King and Queen;King George;King William;Lancaster;Lee;Lexington;Loudoun;Louisa;Lunenburg;Lynchburg;Madison;Manassas;Manassas Park;Martinsville;Mathews;Mecklenburg;Middlesex;Montgomery;Nelson;New Kent;Newport News;Norfolk;Northampton;Northumberland;Norton;Nottoway;Orange;Page;Patrick;Petersburg;Pittsylvania;Poquoson;Portsmouth;Powhatan;Prince Edward;Prince George;Prince William;Pulaski;Radford;Rappahannock;Richmond;Richmond;Roanoke;Roanoke;Rockbridge;Rockingham;Russell;Salem;Scott;Shenandoah;Smyth;Southampton;Spotsylvania;Stafford;Staunton;Suffolk;Surry;Sussex;Tazewell;Virginia Beach;Warren;Washington;Waynesboro;Westmoreland;Williamsburg;Winchester;Wise;Wythe;York'
   Enum1_47=';Adams;Asotin;Benton;Chelan;Clallam;Clark;Columbia;Cowlitz;Douglas;Ferry;Franklin;Garfield;Grant;Grays Harbor;Island;Jefferson;King;Kitsap;Kittitas;Klickitat;Lewis;Lincoln;Mason;Okanogan;Pacific;Pend Oreille;Pierce;San Juan;Skagit;Skamania;Snohomish;Spokane;Stevens;Thurston;Wahkiakum;Walla Walla;Whatcom;Whitman;Yakima'
   Enum1_48=';Barbour;Berkeley;Boone;Braxton;Brooke;Cabell;Calhoun;Clay;Doddridge;Fayette;Gilmer;Grant;Greenbrier;Hampshire;Hancock;Hardy;Harrison;Jackson;Jefferson;Kanawha;Lewis;Lincoln;Logan;Marion;Marshall;Mason;Mcdowell;Mercer;Mineral;Mingo;Monongalia;Monroe;Morgan;Nicholas;Ohio;Pendleton;Pleasants;Pocahontas;Preston;Putnam;Raleigh;Randolph;Ritchie;Roane;Summers;Taylor;Tucker;Tyler;Upshur;Wayne;Webster;Wetzel;Wirt;Wood;Wyoming'
   Enum1_49=';Adams;Ashland;Barron;Bayfield;Brown;Buffalo;Burnett;Calumet;Chippewa;Clark;Columbia;Crawford;Dane;Dodge;Door;Douglas;Dunn;Eau Claire;Florence;Fond Du Lac;Forest;Grant;Green;Green Lake;Iowa;Iron;Jackson;Jefferson;Juneau;Kenosha;Kewaunee;La Crosse;Lafayette;Langlade;Lincoln;Manitowoc;Marathon;Marinette;Marquette;Menominee;Milwaukee;Monroe;Oconto;Oneida;Outagamie;Ozaukee;Pepin;Pierce;Polk;Portage;Price;Racine;Richland;Rock;Rusk;Sauk;Sawyer;Shawano;Sheboygan;St. Croix;Taylor;Trempealeau;Vernon;Vilas;Walworth;Washburn;Washington;Waukesha;Waupaca;Waushara;Winnebago;Wood'
   Enum1_50=';Albany;Big Horn;Campbell;Carson;Converse;Crook;Fremont;Goshen;Hot Springs;Johnson;Laramie;Lincoln;Natrona;Niobrara;Park;Platte;Sheridan;Sublette;Sweetwater;Teton;Unita;Washakie;Weston'
   />
      <C Name='CTown' Type='Text' Group='1' Width='85'/>
      <C Name='CLevel' Type='Enum' Group='1' Width='85' Enum='|Elementary|Middle|High'/>
      <C Name='CType' Type='Enum'  Group='1' Width='60' Enum='|Public|Charter|Private'/>
      <C Name='CGrade1' Type='Enum' Group='1' Width='85' Enum='|ungraded|PK|K|1|2|3|4|5|6|7|8|9|10|11|12'/>
      <C Name='CGrade2' Type='Enum' Group='1' Width='85' Enum='|ungraded|PK|K|1|2|3|4|5|6|7|8|9|10|11|12'/>
      <C Name='CEnrollment' Type='Int' Group='1' Width='80'/>
      <C Name='CStudents' Type='Int' Group='1' Width='125'/>
      
   </Cols>
   <RightCols>
      <C Name='CRating' Type='Enum' Group='1' Width='115' CanEdit='0' Button='Button' WidthPad='28' ButtonText='Rate' CanGroup='2' 
         Enum='|&lt;div style="color:#888;font-style:italic;">Not rated yet&lt;/div>
         |&lt;div style="width:0;overflow:hidden;">&lt;img src="SchoolsStars.gif" height=14>&lt;/div>
         |&lt;div style="width:16;overflow:hidden;">&lt;img src="SchoolsStars.gif" height=14>&lt;/div>
         |&lt;div style="width:32;overflow:hidden;">&lt;img src="SchoolsStars.gif" height=14>&lt;/div>
         |&lt;div style="width:48;overflow:hidden;">&lt;img src="SchoolsStars.gif" height=14>&lt;/div>
         |&lt;div style="width:64;overflow:hidden;">&lt;img src="SchoolsStars.gif" height=14>&lt;/div>
         |&lt;div style="width:80;overflow:hidden;">&lt;img src="SchoolsStars.gif" height=14>&lt;/div>
         '/>
      <C Name='CUser' Type='Text' Width='80' VisibleLap='1'/>
      <C Name='id' CanEdit='0' CanGroup='0'/>
   </RightCols>
   <Def>
      <D Name='R' Height='19'/>
      <D Name='Main' CanSort='0' CDef='' AddParent='2' Calculated='1' CRatingFormula='Row.lastChild.CRating' Expanded='0'>
         <I Def='Address'/>
         <I Def='Phone'/>
         <I Def='Link'/>
         <I Def='Map'/>
      </D>
      <D Name='Data' Spanned='1' CanFilter='0' CDef='' AddParent='1' CanDelete='0' 
         CUserVisible='0' CUserCanEdit='0' 
         CNameCanEdit='0' CCountryType='Text' CCountrySpan='10'
         CRatingVisible='0' CRatingButton='None'
         />
      <D Name='Address' Def='Data' CName='Address' CCountryType='Lines'/>
      <D Name='Phone' Def='Data' CName='Phone' CCountryType='Text'/>
      <D Name='Link' Def='Data' CName='Link for more information' CCountryType='Link'/>
      <D Name='Map' Def='Data' CName='Show map' CCountryType='Link'/>    
      <D Name='Reviews' Def='Data' Calculated='1' Expanded='0' CName='Parent reviews' 
         CCountryType='Enum' CCountryFormula='count()' 
         CCountryEnum='|&lt;DIV align=left>The school has not been reviewed yet&lt;/DIV>|&lt;DIV align=left>The school was reviewed once&lt;/DIV>|&lt;DIV align=left>The school was reviewed twice&lt;/DIV>'
         CCountryIntFormat='"&lt;DIV align=left>The school was reviewed "###0" times&lt;/DIV>"'
         CRatingFormula='(cnt=count(),cnt?Math.round(sum()/cnt):0)'
      />
      <D Name='Review' Def='Data' CCountryType='Lines' CanEdit='0' CNameType='Date' CNameFormat='MM/dd/yyyy' CRatingVisible='1'/>
      <D Name='Group' Def='Data' CCountryVisible='0' CRatingVisible='1' CRatingButton='None' idVisible='0' CanFilter='2'
         Calculated='1' CalcOrder='CRating' CRatingType='Enum' CRatingEnum='|no school|&lt;B>1&lt;/B> school' CRatingIntFormat='&lt;B>#0&lt;/B> schools' CRatingFormula='count("Row.Def.Name==\"Main\"",4)'
         />
   </Def>
   <Header
      CName='School name'
      CCountry='Country'
      CState='State'
      CCounty='County'
      CTown='Town'
      CLevel='Level'
      CType='Type'
      CGrade1='From grade'
      CGrade2='To grade'
      CEnrollment='Enrollment'
      CStudents='Students / teacher'
      CUser='User'
      CRating='Rating'
      
      id='id (debug)'
      />
   <Root
      CDef='Main'
      AddParent='2'
      />
   <Head>
      <I Kind='Filter' CRatingButton='' CRatingType='Enum' id=''
         CRatingEnum='|Not rated|No star|One star|Two stars|Three stars|Four stars|Five stars'
         />
      <I Kind='Group' Panel='1' 
         ListLeft='5'
         List='|Group by &lt;span style="color:green;">none&lt;/span>|Group by &lt;span style="color:blue;">State->County&lt;/span>|Group by &lt;span style="color:blue;">State->County->Town&lt;/span>|&lt;span style=";white-space:nowrap">Group by &lt;span style="color:blue">Country->State->County->Town&lt;/span>&lt;/span>|Group by &lt;span style="color:blue;">Level&lt;/span>|Group by &lt;span style="color:blue;">Level->State->County&lt;/span>|Group by &lt;span style="color:blue;">Type&lt;/span>|Group by &lt;span style="color:blue;">Rating&lt;/span>'
         ListCustom='&lt;span style="color:red;">Custom grouping&lt;/span>'
         ListWidth='200'
         Cols='||CState,CCounty|CState,CCounty,CTown|CCountry,CState,CCounty,CTown|CLevel|CLevel,CState,CCounty|CType|CRating' 
         Custom='1'
         />
   </Head>
   <Toolbar AddChild='0' Calc='0' Sort='0' Cfg='0'/>
</Grid>