<Grid>
   <Body>
      <B>
      <I id='PGS' I='PureGrid' BP='200' PP='300' SP='400' GP='1000'/>
      <I id='PGE' I='PureGrid, Extended API' BP='400' PP='600' SP='800' GP='1600'/>
      <I id='PTS' I='PureTree' BP='200' PP='300' SP='400' GP='1000'/>
      <I id='PTE' I='PureTree, Extended API' BP='400' PP='600' SP='800' GP='1600'/>
      
      <I id='TGS' Def='T' BP='600' PP='900' SP='1300' GP='2500'  
         I='&lt;B>TreeGrid&lt;/B>'
         I2='+ Standard support and major upgrades for 40% of price'/>
			
      <I id='TGS_1' Def='T' BP='660' PP='990' SP='1430' GP='2750'
         I='&lt;B>TreeGrid&lt;/B>'
         I2='+ 1 year of Extended support and &lt;B>free upgrades&lt;/B>'/>
			
      <I id='TGS_A' Def='T' BP='900' PP='1350' SP='1950' GP='3750'
         I='&lt;B>TreeGrid&lt;/B>'
         I2='+ Extended support and &lt;B>free upgrades&lt;/B> for whole product lifetime'/>
			
      <I id='TGE' Def='T' BP='1200' PP='1500' SP='1900' GP='3100'
         I='&lt;B>TreeGrid&lt;/B>, Extended API'
         I2='+ Standard support and major upgrades for 40% of price'/>
		
      <I id='TGE_1' Def='T' BP='1320' PP='1650' SP='2090' GP='3410'
         I='&lt;B>TreeGrid&lt;/B>, Extended API'
         I2='+ 1 year of Extended support and &lt;B>free upgrades&lt;/B>'/>
			
      <I id='TGE_A' Def='T' BP='1800' PP='2250' SP='2850' GP='4650'
         I='&lt;B>TreeGrid&lt;/B>, Extended API'
         I2='+ Extended support and &lt;B>free upgrades&lt;/B> for whole product lifetime'/>
			
      <I id='TGC' Def='T' BPSpan='4' BPVisible='0' SP='4400' GP='5600'
         I='&lt;B>TreeGrid&lt;/B>, Extended API, Source code' 
         I2='+ Standard support and major upgrades for 40% of price'/>
		
      <I id='TGC_1' Def='T' BPSpan='4' BPVisible='0' SP='4840' GP='6160'
         I='&lt;B>TreeGrid&lt;/B>, Extended API, Source code'
         I2='+ 1 year of Extended support and &lt;B>free upgrades&lt;/B>'/>

      <I id='TGC_A' Def='T' BPSpan='4' BPVisible='0' SP='6600' GP='8400'
         I='&lt;B>TreeGrid&lt;/B>, Extended API, Source code' 
         I2='+ Extended support and &lt;B>free upgrades&lt;/B> for whole product lifetime'/>
			
      
      <I id='ES' Spanned='1' MinHeight='34'
         I='Extended support and &lt;B>free upgrades&lt;/B> for one year and product:'
         ISpan='2' IMerge='I,I2' IMergeType='3' IMergeEdit='I2' ICanEdit='1' ICursor='pointer'
         I2='0' I2Type='Enum' 
         I2Enum='|- select -|PureGrid|PureGrid, Extended API|PureTree|PureTree, Extended API|TreeGrid|TreeGrid, Extended API|TreeGrid, Extended API, Source code' 
         I2Names='||PGS|PGE|PTS|PTE|TGS|TGE|TGC'
         BPSpan='8' BPVisible='0'
         />
      <I id='ESA' Spanned='1' MinHeight='34'
         I='Extended support and &lt;B>free upgrades&lt;/B> for whole lifetime of the product:'
         ISpan='2' IMerge='I,I2' IMergeType='3' IMergeEdit='I2' ICanEdit='1' ICursor='pointer'
         I2='0' I2Type='Enum' 
         I2Enum='|- select -|PureGrid|PureGrid, Extended API|PureTree|PureTree, Extended API|TreeGrid|TreeGrid, Extended API|TreeGrid, Extended API, Source code' 
         I2Names='||PGS|PGE|PTS|PTE|TGS|TGE|TGC'
         BPSpan='8' BPVisible='0'
			/>	
      <I id='SCE' Spanned='1' Calculated='1'
         I='Source code escrow by external company'
         BP='For all licenses $&lt;B>250&lt;/B> per year' BPType='Html' BPSpan='4'
         SPType='Enum' SPCanEdit='1' SPEnum='||1|2|3|4|5|6|7|8|9|10'
         SSpan='3' SFormula='AddYear(SP)' SType='Date' SFormat='"&lt;DIV ALIGN=left>valid to" d. MMMM yyyy"&lt;/DIV>"' SCanEdit='0'
         OFormula='SP*250'
         />
      <I id='CW' Spanned='1' Calculated='1'
         I='Custom work' 
         BP='According to contract, $&lt;B>55&lt;/B> per hour' BPType='Html' BPSpan='4' 
         SPType='Int' SPCanEdit='1'
         SSpan='3' SCanEdit='0'
         OFormula='SP*55'/>

      <I id='UPG' Spanned='1' MinHeight='34' Calculated='1' OCanEdit='0' O='0'
         I='&lt;B>Upgrade from product&lt;/B> - select product you already purchased:'
         ISpan='2' IMerge='I,I2' IMergeType='3' IMergeEdit='I2' ICanEdit='1' ICursor='pointer'
         I2='0' I2Type='Enum'
         OFormat='$&lt;B>######&lt;/B>;$-&lt;B>######&lt;/B>;'
         I2Enum='|- select -|PureGrid v4.x|PureGrid, Extended API v4.x|PureTree v4.x|PureTree, Extended API v4.x|TreeGrid v2.x, v3.x, v4.x|TreeGrid, Extended API v2.x, v3.x, v4.x|TreeGrid, Extended API, Source code v2.x, v3.x, v4.x|PureGrid v5.x|PureGrid, Extended API v5.x|PureTree v5.x|PureTree, Extended API v5.x|TreeGrid v5.x|TreeGrid, Extended API v5.x|TreeGrid, Extended API, Source code v5.x' 
         I2Names='||PGS|PGE|PTS|PTE|TGS|TGE|TGC|PGS|PGE|PTS|PTE|TGS|TGE|TGC'
         BType='Bool' PType='Bool' SType='Bool' GType='Bool' BPSpan='8' BPVisible='0'
         BPHtmlPrefix='&lt;SPAN style="color:#888">' BPHtmlPostfix='&lt;/SPAN>'
         PPHtmlPrefix='&lt;SPAN style="color:#888">' PPHtmlPostfix='&lt;/SPAN>'
         SPHtmlPrefix='&lt;SPAN style="color:#888">' SPHtmlPostfix='&lt;/SPAN>'
         GPHtmlPrefix='&lt;SPAN style="color:#888">' GPHtmlPostfix='&lt;/SPAN>'
         />
      </B>
   </Body>
</Grid>