<Grid>
<Cfg id='Books' NoFormatEscape='1' MainCol='A' 
     Selecting='0' Deleting='0' Adding='0' Editing='2' Dragging='0' AcceptEnters='1' MaxHeight='1' 
     SaveAttrs=',Editing' ExportType='Expanded,Outline'/>
<Actions OnClickEditLink='Grid.Editing==2?ShowLink:Focus AND StartEdit' OnClickEditImg='Grid.Editing==2?ShowLink:Focus AND StartEdit' />
<LeftCols>
<C Name='A'/>
</LeftCols>
<Cols>
<C Name='B' Width='200' Type='Link' EditFormat='|2|1|1'  Group='1'
   Format='|http://www.amazon.com/s/103-6152138-4386222?ie=UTF8&amp;index=books&amp;rank=-relevance%2C%2Bavailability%2C-daterank&amp;field-author-exact='/>
<C Name='C' Group='1'/>
<C Name='D' Type='Date' Group='1'/>
<C Name='E' Type='Int' Group='1'/>
<C Name='F' Group='1'/>
<C Name='H' Type='Enum' Enum='|Hardcover|Paperback' Group='1'/>
</Cols>
<RightCols>
<C Name='G' Type='Float' Format='$####.00' Width='120' Spanned='1'/>
</RightCols>
<Def>
<D Name='R' CanEdit='1' AHtmlPrefix='&lt;SPAN style="color:red;font-weight:700;">' AHtmlPostfix='&lt;/SPAN>'/>
<D Name='Info' MaxHeight='128' Spanned='1' AHtmlPrefix='&lt;SPAN style="font-weight:700;">' AHtmlPostfix='&lt;/SPAN>' 
   BEditFormat='' BType='Lines' BSpan='6' GType='Text' GCanFocus='0' HType='Text'/>
<D Name='Desc' Def='Info' A='Book description' GType='Img' GFormat='|||||||1' GEditFormat='|2|1|1|1' GCanFocus='1' GRowSpan='2' />
</Def>
<Header A='Title' B='Author' C='Publisher' D='Availability' H='Binding' E='Pages' F='ISBN' G='Price'/>
<MenuCfg ShowPanel='0'/>
<Toolbar Styles="1"/>
</Grid>