<Grid>
   <Cfg id="GanttBasic"/>
   <Cfg NumberId="1" IdChars="0123456789"/> <!-- Controls generating of new row ids -->
   <Panel Copy="7"/> <!-- Shows Add/Copy icon on left side panel -->
   <LeftCols>
      <C Name="id" Width="40" Type="Int"/> <!-- Row id, informational column -->
      <C Name="T" Width="140" Type="Text"/> <!-- Column Task / Section-->
      <C Name="S" Width="60" Type="Date" Format="MMM dd"/> <!-- Column Start date-->
      <C Name="E" Width="60" Type="Date" Format="MMM dd"/> <!-- Column End Date -->
      <C Name="C" Width="50" Type="Int" Format="##\%;;0\%"/> <!-- Column Complete -->
      <C Name="D" Width="50" Type="Text" CanEdit="0" Button="Defaults" Defaults="|*RowsColid*VariableDef" Range="1"/> <!-- Column dependencies (descendants) -->
   </LeftCols>
   <Cols>
      <!-- Gantt chart column -->
      <C Name="G" Type="Gantt"
         GanttStart="S" GanttEnd="E" GanttComplete="C" GanttDescendants="D"
         GanttUnits="d" GanttChartRound="w" GanttEdit="Main,Dependency"
         GanttRight="1" 
         GanttBackground="1/6/2008~1/6/2008 0:01" GanttBackgroundRepeat="w"
         GanttHeader1="w" GanttFormat1="dddddd MMMM yyyy"
         GanttHeader2="d" GanttFormat2="ddddd"
         />
   </Cols>
   <Header id="ID" T="Task" S="Start" E="End" C="Comp&#x0a;lete" G="Gantt" D="Next"/> <!-- Column captions -->

   <!-- Shows count of incorrect dependencies and on click corrects them -->
   <Toolbar
      Formula="
         var a=ganttdependencyerrors();
         return a ? '&lt;span style=&quot;color:red;&quot;>&lt;b style=&quot;color:red&quot;>'+a+'&lt;/b> incorrect dependenc'+(a>1?'ies':'y')+'&lt;/span>'
                  : (Grid.Cols.G.GanttIncorrectDependencies ? 'All dependencies are correct'
                                                            : '&lt;span style=&quot;color:gray&quot;>Dependency checking disabled&lt;/span>')"
      FormulaOnClick="CorrectAllDependencies" FormulaTip="Click to correct the dependencies"
      /> 
</Grid>