<Grid>
   <Body>
      <B>
         <I id="1" N1="Task 1" N2="S1" C="100" S="5/16/2008 9:00" E="5/20/2008 18:00" F="5/19/2008 9:00~5/23/2008 18:00" D="2" R="Management*0.2+1000;Sales"/>
         <I id="2" N1="Task 1" N2="S2" C="25" S="5/21/2008 9:00" E="5/29/2008 18:00" F="5/23/2008 9:00~5/23/2008 18:00;5/26/2008 9:00~5/27/2008 18:00" D="5" R="Sales"/>

         <I id="3" N1="Task 2" N2="S1" C="100" S="5/14/2008 9:00" E="5/21/2008 18:00" F="5/13/2008 9:00~5/13/2008 13:00;5/16/2008 9:00~5/20/2008 18:00" D="4"
            R="Development*10" M="5/20/2008 9:00;6/2/2008 9:00" I="Boss's birthday!;Meeting with customers"/>
         <I id="4" N1="Task 2" N2="S2" C="50" S="5/22/2008 9:00" E="5/29/2008 18:00" F="5/21/2008 12:00~5/26/2008 18:00" D="5" R="Development*6"/>
         <I id="5" N1="Task 2" N2="S3" C="0" S="5/30/2008 9:00" E="6/02/2008 18:00" D="6" R="Development*2;Support*3"/>
         <I id="6" N1="Task 2" N2="S4" C="0" S="6/03/2008 9:00" E="6/03/2008 18:00" D="7" R="Management*0.5"/>
         <I id="7" N1="Task 2" N2="S5" C="0" S="6/04/2008 9:00" E="6/05/2008 18:00" D="17" R="Sales"/>
         <I id="8" N1="Task 2" N2="S6" C="30" S="5/16/2008 9:00" E="5/23/2008 18:00" F="5/21/2008 9:00~5/23/2008 18:00" D="9ff+8h" R="Development"/>
         <I id="9" N1="Task 2" N2="S7" C="0" S="5/23/2008 9:00" E="5/26/2008 18:00" D="10" R="Support" E1="5/23/2008 18:00" E2="5/30/2008 18:00"/>
         <I id="10" N1="Task 2" N2="M1" S="5/29/2008 18:00" R="1200;Development;Management;Sales" E2="6/11/2008 18:00"/>

         <I id="11" N1="Task 3" N2="S1" C="100" S="5/14/2008 9:00" E="5/20/2008 18:00" F="5/14/2008 9:00~5/20/2008 18:00" D="12;8-2d" R="Development*3;Support*1.5"/>
         <I id="12" N1="Task 3" N2="S2" C="100" S="5/21/2008 9:00" E="5/22/2008 18:00" F="5/21/2008 10:00~5/21/2008 14:00" D="13" R="Support*1.5;Sales*2;Management"/>
         <I id="13" N1="Task 3" N2="S3" C="0" S="5/23/2008 9:00" E="5/26/2008 18:00" E1="5/26/2008 18:00" E2="5/26/2008 18:00" M="5/24/2008 12:00" I="State checking" R="Sales"/>
         <I id="14" N1="Task 3" N2="S4" C="90" S="5/14/2008 9:00" E="5/20/2008 18:00" F="5/16/2008 9:00~5/25/2008 18:00" D="13+2d" R="Development"/>

         <I id="15" N1="Task 4" N2="S1" C="20" S="5/30/2008 9:00" E="6/3/2008 18:00" S1="5/27/2008 9:00" S2="6/2/2008 9:00"
            F="6/3/2008 9:00~6/3/2008 18:00" D="17" R="Sales;Support"/>
         <I id="16" N1="Task 4" N2="S2" C="100" S="5/23/2008 9:00" E="5/29/2008 18:00" S1="5/19/2008 9:00"
            F="5/23/2008 9:00~5/23/2008 13:00;5/26/2008 9:00~5/28/2008 18:00;5/30/2008 9:00~6/2/2008 13:00" D="15" R="Sales*2"/>
         <I id="17" N1="Task 4" N2="M2" S="6/05/2008 18:00" R="100;Management" E2="6/11/2008 18:00"/>
      </B>
   </Body>
</Grid>