<Grid>
   <Cfg id="Resources" SuppressCfg="1"/> <!-- Base settings, suppresses saving configuration to cookies -->
   <Cfg GanttResourcesMaster="Gantt"/> <!-- The id of the source grid is 'Gantt' -->
   <Cfg GanttResourcesName="N"/> <!-- The resource Name is shown in column 'N' -->
   <Cfg GanttResourcesPrice="U"/> <!-- The resource Price is shown in column 'U' -->
   <Cfg GanttResourcesMaxCount="M"/> <!-- The resource MaxCount is shown in column 'M' -->
   <Cfg IdNames="N" AppendId="1"/> <!-- Controls creating name of newly added resources -->
   <Cfg NumberId="1" IdChars="0123456789"/> <!-- Controls generating of indexes appended to the new resource names -->
   <Cfg Undo="1"/> <!-- Permits undo / redo changes by Ctrl+Z / Ctrl + Y -->
   <Cfg Style="Standard"/> <!-- Presets Standard CSS style -->
   <Cfg Dragging="0" Copying="0"/> <!-- These actions are not required in the plain resources chart -->
   <Actions OnClickButtonAdd="AddRowEnd"/> <!-- Always adds new resources to the end of grid -->
   <Def>
      <D Name="R" N="Resource"/> <!-- Default name for newly added resources -->
      <D Name="R" CalcOrder="P,E,T,C"/> <!-- Order of calculating columns, because their formulas depend on each other -->
   </Def>
   <LeftCols>
      <C Name="N" Width="70" Type="Text"/> <!-- Resource name column -->
      <C Name="U" Type="Float" Format="0.00" EditMask="^\d*[\d\.\,]?\d*$"/>
      <C Name="M" Type="Float" Format="0.00" EditMask="^\d*[\d\.\,]?\d*$"/>
      <C Name="P" Type="Float" Format="0.##" Formula="ganttresourcepeak(N)"/>
      <C Name="E" Type="Float" Format="0.##" Formula="P>M?P-M:''"/>
      <C Name="T" Type="Float" Format="0.00" Formula="ganttresourceunits(N)"/>
      <C Name="C" Type="Float" Format="0.00" Formula="U*T+ganttresourceextra(N)"/>
   </LeftCols>
   <Cols>
      <!-- Gantt chart Resources column -->
      <C Name="G" Type="Gantt" MenuName="Gantt chart"/> <!-- Basic setting, type and name in columns menu -->
      <C Name="G" GanttChart="Resources" GanttChartResourceFormat="0.#"/>
   </Cols>
   
   <!-- Summary row -->
   <Solid>
      <I Cells="Sum,Err,Exclude" CanFocus="0"
         
         SumType="Html" SumWidth="160" 
         SumFormula="'Total task price is &lt;b>'+NumberToString(sum('C'),',0.00')+'&lt;b>'"
         
         ErrRelWidth="1" ErrType="Html" 
         ErrFormula="var err=sum('E'); return err?'There '+(err==1?'is':'are')+' &lt;b style=&quot;color:red;&quot;>'+err+' error'+(err==1?'':'s')+' &lt;/b> in resource allocation':''"
         
         ExcludeType='Bool' ExcludeNoColor='1'
         ExcludeLabelRight='Hide holidays'
         ExcludeFormula='Grid.Cols.G.GanttHideExclude'
         ExcludeOnChange='Grid.SetHideExclude(Value)'
         ExcludeCanEditFormula='gantthasexclude()!=0'
         />
   </Solid>
   
   <!-- Column captions -->
   <Header id="ID" N="Name" U="Unit price" M="Max count" P="Peak" E="Error" T="Total units" C="Price" GNoColor="0"/>
   <Header SortIcons="2"/> <!-- Hides unused sort icons -->   
</Grid>